,state,rural_interstate,urban_interstate,freeway_expressway,other_arterial,minor_arterial,collector_arterial,local,unknown,total,year
0,Alabama,76.0,54.0,1.0,285.0,213.0,276.0,159.0,7.0,1071.0,1998
1,Alaska,20.0,2.0,2.0,10.0,12.0,15.0,8.0,1.0,70.0,1998
2,Arizona,167.0,34.0,13.0,285.0,188.0,196.0,88.0,9.0,980.0,1998
3,Arkansas,60.0,15.0,9.0,167.0,118.0,137.0,115.0,4.0,625.0,1998
4,California,218.0,248.0,308.0,1042.0,747.0,543.0,388.0,0.0,3494.0,1998
5,Colorado,84.0,39.0,30.0,189.0,125.0,87.0,74.0,0.0,628.0,1998
6,Connecticut,5.0,53.0,24.0,78.0,92.0,37.0,40.0,0.0,329.0,1998
7,Delaware,0.0,8.0,1.0,48.0,18.0,27.0,13.0,0.0,115.0,1998
8,District of Columbia,0.0,5.0,0.0,0.0,0.0,0.0,49.0,0.0,54.0,1998
9,Florida,168.0,167.0,79.0,1041.0,364.0,95.0,654.0,257.0,2825.0,1998
10,Georgia,107.0,95.0,20.0,393.0,359.0,336.0,253.0,5.0,1568.0,1998
11,Hawaii,1.0,8.0,8.0,30.0,35.0,26.0,12.0,0.0,120.0,1998
12,Idaho,57.0,3.0,0.0,74.0,36.0,57.0,31.0,7.0,265.0,1998
13,Illinois,88.0,105.0,5.0,338.0,236.0,205.0,416.0,0.0,1393.0,1998
14,Indiana,68.0,34.0,20.0,206.0,137.0,255.0,162.0,100.0,982.0,1998
15,Iowa,30.0,15.0,0.0,150.0,90.0,119.0,38.0,7.0,449.0,1998
16,Kansas,15.0,22.0,18.0,160.0,107.0,109.0,61.0,0.0,492.0,1998
17,Kentucky,53.0,34.0,2.0,157.0,141.0,316.0,155.0,0.0,858.0,1998
18,Louisiana,99.0,38.0,3.0,192.0,160.0,324.0,108.0,2.0,926.0,1998
19,Maine,14.0,2.0,8.0,30.0,39.0,59.0,38.0,2.0,192.0,1998
20,Maryland,21.0,47.0,30.0,166.0,113.0,86.0,59.0,84.0,606.0,1998
21,Massachusetts,8.0,34.0,15.0,129.0,99.0,53.0,68.0,0.0,406.0,1998
22,Michigan,54.0,62.0,26.0,341.0,301.0,358.0,219.0,5.0,1366.0,1998
23,Minnesota,35.0,30.0,13.0,160.0,156.0,175.0,81.0,0.0,650.0,1998
24,Mississippi,109.0,6.0,5.0,195.0,4.0,317.0,309.0,3.0,948.0,1998
25,Missouri,124.0,109.0,41.0,331.0,150.0,267.0,146.0,1.0,1169.0,1998
26,Montana,33.0,0.0,0.0,83.0,42.0,34.0,45.0,0.0,237.0,1998
27,Nebraska,35.0,0.0,0.0,100.0,53.0,61.0,66.0,0.0,315.0,1998
28,Nevada,69.0,16.0,20.0,97.0,80.0,56.0,23.0,0.0,361.0,1998
29,New Hampshire,9.0,1.0,0.0,43.0,24.0,28.0,21.0,2.0,128.0,1998
30,New Jersey,11.0,55.0,65.0,246.0,173.0,114.0,76.0,1.0,741.0,1998
31,New Mexico,123.0,21.0,1.0,101.0,43.0,65.0,70.0,0.0,424.0,1998
32,New York,55.0,49.0,119.0,332.0,267.0,310.0,382.0,0.0,1514.0,1998
33,North Carolina,63.0,77.0,24.0,340.0,194.0,405.0,493.0,0.0,1596.0,1998
34,North Dakota,7.0,2.0,5.0,17.0,14.0,20.0,27.0,0.0,92.0,1998
35,Ohio,46.0,85.0,17.0,280.0,267.0,353.0,372.0,2.0,1422.0,1998
36,Oklahoma,73.0,38.0,18.0,158.0,160.0,185.0,123.0,0.0,755.0,1998
37,Oregon,43.0,12.0,3.0,201.0,99.0,134.0,46.0,0.0,538.0,1998
38,Pennsylvania,82.0,50.0,35.0,371.0,337.0,314.0,289.0,3.0,1481.0,1998
39,Rhode Island,4.0,12.0,10.0,23.0,10.0,6.0,9.0,0.0,74.0,1998
40,South Carolina,99.0,17.0,2.0,207.0,230.0,307.0,45.0,95.0,1002.0,1998
41,South Dakota,9.0,1.0,1.0,52.0,38.0,45.0,19.0,0.0,165.0,1998
42,Tennessee,121.0,54.0,15.0,296.0,291.0,241.0,198.0,0.0,1216.0,1998
43,Texas,227.0,360.0,215.0,758.0,517.0,658.0,851.0,0.0,3586.0,1998
44,USA,3105.0,2283.0,1282.0,10663.0,7551.0,8630.0,7380.0,607.0,41501.0,1998
45,Utah,78.0,18.0,1.0,22.0,64.0,41.0,126.0,0.0,350.0,1998
46,Vermont,19.0,2.0,1.0,13.0,16.0,31.0,21.0,1.0,104.0,1998
47,Virginia,77.0,71.0,15.0,198.0,233.0,231.0,109.0,1.0,935.0,1998
48,Washington,44.0,44.0,26.0,181.0,123.0,177.0,67.0,0.0,662.0,1998
49,West Virginia,37.0,10.0,0.0,67.0,75.0,124.0,41.0,0.0,354.0,1998
50,Wisconsin,24.0,16.0,8.0,225.0,144.0,181.0,111.0,5.0,714.0,1998
51,Wyoming,36.0,3.0,0.0,55.0,17.0,34.0,6.0,3.0,154.0,1998
52,Alabama,105.0,57.0,2.0,286.0,207.0,325.0,154.0,2.0,1138.0,1999
53,Alaska,17.0,1.0,0.0,14.0,16.0,21.0,10.0,0.0,79.0,1999
54,Arizona,142.0,35.0,22.0,302.0,207.0,214.0,98.0,4.0,1024.0,1999
55,Arkansas,54.0,23.0,11.0,137.0,104.0,139.0,135.0,1.0,604.0,1999
56,California,239.0,289.0,344.0,1001.0,730.0,550.0,394.0,12.0,3559.0,1999
57,Colorado,98.0,26.0,22.0,158.0,87.0,46.0,187.0,2.0,626.0,1999
58,Connecticut,3.0,49.0,14.0,74.0,87.0,36.0,38.0,0.0,301.0,1999
59,Delaware,0.0,8.0,0.0,43.0,13.0,21.0,15.0,0.0,100.0,1999
60,District of Columbia,0.0,0.0,0.0,0.0,0.0,0.0,41.0,0.0,41.0,1999
61,Florida,184.0,181.0,81.0,1013.0,352.0,113.0,730.0,266.0,2920.0,1999
62,Georgia,118.0,109.0,24.0,358.0,321.0,305.0,251.0,22.0,1508.0,1999
63,Hawaii,0.0,5.0,6.0,32.0,26.0,21.0,8.0,0.0,98.0,1999
64,Idaho,41.0,6.0,1.0,101.0,30.0,52.0,42.0,5.0,278.0,1999
65,Illinois,90.0,119.0,8.0,363.0,245.0,230.0,401.0,0.0,1456.0,1999
66,Indiana,75.0,23.0,21.0,230.0,213.0,302.0,154.0,2.0,1020.0,1999
67,Iowa,35.0,19.0,1.0,163.0,84.0,124.0,63.0,1.0,490.0,1999
68,Kansas,31.0,31.0,23.0,166.0,91.0,129.0,69.0,0.0,540.0,1999
69,Kentucky,57.0,24.0,13.0,165.0,99.0,303.0,152.0,1.0,814.0,1999
70,Louisiana,86.0,71.0,5.0,186.0,148.0,314.0,128.0,0.0,938.0,1999
71,Maine,14.0,0.0,5.0,30.0,40.0,47.0,39.0,6.0,181.0,1999
72,Maryland,25.0,36.0,39.0,141.0,123.0,91.0,63.0,72.0,590.0,1999
73,Massachusetts,12.0,50.0,14.0,108.0,110.0,58.0,62.0,0.0,414.0,1999
74,Michigan,40.0,101.0,35.0,379.0,267.0,340.0,215.0,5.0,1382.0,1999
75,Minnesota,31.0,30.0,11.0,158.0,147.0,160.0,89.0,0.0,626.0,1999
76,Mississippi,116.0,0.0,0.0,146.0,4.0,353.0,304.0,4.0,927.0,1999
77,Missouri,123.0,85.0,32.0,305.0,121.0,291.0,132.0,5.0,1094.0,1999
78,Montana,33.0,4.0,0.0,75.0,26.0,32.0,50.0,0.0,220.0,1999
79,Nebraska,37.0,1.0,0.0,89.0,47.0,49.0,72.0,0.0,295.0,1999
80,Nevada,59.0,16.0,6.0,107.0,78.0,55.0,29.0,0.0,350.0,1999
81,New Hampshire,13.0,2.0,1.0,30.0,33.0,26.0,32.0,3.0,140.0,1999
82,New Jersey,10.0,48.0,79.0,213.0,164.0,106.0,100.0,6.0,726.0,1999
83,New Mexico,98.0,19.0,1.0,99.0,63.0,100.0,80.0,0.0,460.0,1999
84,New York,57.0,41.0,120.0,367.0,315.0,298.0,401.0,0.0,1599.0,1999
85,North Carolina,55.0,70.0,15.0,266.0,226.0,368.0,504.0,1.0,1505.0,1999
86,North Dakota,11.0,0.0,5.0,35.0,16.0,22.0,30.0,0.0,119.0,1999
87,Ohio,74.0,98.0,19.0,235.0,214.0,320.0,405.0,65.0,1430.0,1999
88,Oklahoma,81.0,44.0,16.0,178.0,169.0,162.0,91.0,0.0,741.0,1999
89,Oregon,25.0,13.0,2.0,169.0,78.0,86.0,41.0,0.0,414.0,1999
90,Pennsylvania,83.0,65.0,42.0,363.0,393.0,306.0,296.0,1.0,1549.0,1999
91,Rhode Island,2.0,14.0,9.0,29.0,20.0,7.0,7.0,0.0,88.0,1999
92,South Carolina,118.0,24.0,2.0,209.0,250.0,336.0,59.0,67.0,1065.0,1999
93,South Dakota,11.0,5.0,0.0,52.0,15.0,46.0,21.0,0.0,150.0,1999
94,Tennessee,131.0,83.0,20.0,291.0,306.0,281.0,190.0,0.0,1302.0,1999
95,Texas,229.0,323.0,217.0,778.0,498.0,681.0,792.0,4.0,3522.0,1999
96,USA,3244.0,2353.0,1362.0,10359.0,7480.0,8626.0,7731.0,562.0,41717.0,1999
97,Utah,106.0,7.0,0.0,10.0,100.0,4.0,133.0,0.0,360.0,1999
98,Vermont,13.0,1.0,1.0,16.0,17.0,18.0,24.0,0.0,90.0,1999
99,Virginia,62.0,38.0,18.0,181.0,226.0,221.0,132.0,0.0,878.0,1999
100,Washington,42.0,27.0,41.0,190.0,103.0,160.0,74.0,0.0,637.0,1999
101,West Virginia,51.0,17.0,1.0,60.0,84.0,137.0,45.0,0.0,395.0,1999
102,Wisconsin,36.0,13.0,11.0,200.0,150.0,190.0,140.0,5.0,745.0,1999
103,Wyoming,71.0,2.0,2.0,58.0,17.0,30.0,9.0,0.0,189.0,1999
104,Alabama,92.0,46.0,2.0,233.0,164.0,282.0,170.0,7.0,996.0,2000
105,Alaska,18.0,8.0,1.0,19.0,15.0,27.0,14.0,4.0,106.0,2000
106,Arizona,184.0,33.0,23.0,285.0,214.0,205.0,85.0,7.0,1036.0,2000
107,Arkansas,64.0,45.0,12.0,165.0,132.0,125.0,109.0,0.0,652.0,2000
108,California,224.0,346.0,349.0,1104.0,843.0,549.0,335.0,3.0,3753.0,2000
109,Colorado,95.0,34.0,30.0,200.0,144.0,96.0,82.0,0.0,681.0,2000
110,Connecticut,8.0,48.0,16.0,83.0,84.0,45.0,56.0,1.0,341.0,2000
111,Delaware,2.0,5.0,2.0,45.0,19.0,28.0,22.0,0.0,123.0,2000
112,District of Columbia,0.0,1.0,1.0,0.0,0.0,0.0,46.0,0.0,48.0,2000
113,Florida,189.0,163.0,75.0,1064.0,377.0,84.0,727.0,320.0,2999.0,2000
114,Georgia,125.0,123.0,22.0,334.0,346.0,317.0,252.0,22.0,1541.0,2000
115,Hawaii,0.0,5.0,5.0,44.0,39.0,20.0,6.0,13.0,132.0,2000
116,Idaho,47.0,6.0,1.0,87.0,24.0,59.0,48.0,4.0,276.0,2000
117,Illinois,93.0,115.0,6.0,334.0,275.0,179.0,416.0,0.0,1418.0,2000
118,Indiana,87.0,1.0,3.0,93.0,118.0,198.0,122.0,264.0,886.0,2000
119,Iowa,39.0,16.0,0.0,124.0,81.0,111.0,68.0,6.0,445.0,2000
120,Kansas,28.0,17.0,13.0,154.0,72.0,102.0,75.0,0.0,461.0,2000
121,Kentucky,53.0,26.0,8.0,183.0,110.0,328.0,112.0,0.0,820.0,2000
122,Louisiana,95.0,47.0,11.0,160.0,149.0,349.0,126.0,1.0,938.0,2000
123,Maine,8.0,0.0,6.0,32.0,28.0,56.0,36.0,3.0,169.0,2000
124,Maryland,22.0,50.0,29.0,167.0,104.0,92.0,47.0,77.0,588.0,2000
125,Massachusetts,6.0,70.0,11.0,134.0,100.0,39.0,73.0,0.0,433.0,2000
126,Michigan,36.0,93.0,28.0,322.0,324.0,349.0,219.0,11.0,1382.0,2000
127,Minnesota,22.0,28.0,5.0,152.0,153.0,175.0,90.0,0.0,625.0,2000
128,Mississippi,124.0,1.0,0.0,71.0,3.0,427.0,322.0,1.0,949.0,2000
129,Missouri,100.0,118.0,60.0,232.0,135.0,275.0,205.0,32.0,1157.0,2000
130,Montana,41.0,1.0,2.0,72.0,53.0,26.0,42.0,0.0,237.0,2000
131,Nebraska,41.0,0.0,20.0,55.0,53.0,45.0,62.0,0.0,276.0,2000
132,Nevada,37.0,35.0,37.0,63.0,84.0,42.0,25.0,0.0,323.0,2000
133,New Hampshire,10.0,6.0,2.0,25.0,30.0,27.0,25.0,1.0,126.0,2000
134,New Jersey,13.0,46.0,52.0,225.0,184.0,83.0,127.0,1.0,731.0,2000
135,New Mexico,92.0,19.0,3.0,110.0,59.0,70.0,76.0,3.0,432.0,2000
136,New York,70.0,50.0,79.0,364.0,222.0,296.0,378.0,1.0,1460.0,2000
137,North Carolina,79.0,69.0,33.0,256.0,209.0,451.0,460.0,0.0,1557.0,2000
138,North Dakota,5.0,1.0,7.0,13.0,15.0,10.0,35.0,0.0,86.0,2000
139,Ohio,35.0,35.0,0.0,0.0,0.0,0.0,15.0,1281.0,1366.0,2000
140,Oklahoma,69.0,53.0,12.0,134.0,123.0,160.0,99.0,0.0,650.0,2000
141,Oregon,33.0,5.0,3.0,189.0,79.0,85.0,57.0,0.0,451.0,2000
142,Pennsylvania,68.0,56.0,30.0,392.0,332.0,333.0,308.0,1.0,1520.0,2000
143,Rhode Island,3.0,11.0,8.0,23.0,18.0,11.0,6.0,0.0,80.0,2000
144,South Carolina,145.0,21.0,22.0,219.0,206.0,362.0,50.0,40.0,1065.0,2000
145,South Dakota,21.0,0.0,1.0,46.0,30.0,38.0,37.0,0.0,173.0,2000
146,Tennessee,128.0,64.0,11.0,292.0,306.0,309.0,196.0,1.0,1307.0,2000
147,Texas,253.0,360.0,256.0,869.0,465.0,720.0,856.0,0.0,3779.0,2000
148,USA,3254.0,2419.0,1364.0,9865.0,7301.0,8310.0,7326.0,2106.0,41945.0,2000
149,Utah,88.0,13.0,4.0,0.0,138.0,3.0,127.0,0.0,373.0,2000
150,Vermont,7.0,1.0,0.0,5.0,19.0,19.0,25.0,0.0,76.0,2000
151,Virginia,66.0,72.0,16.0,197.0,225.0,222.0,131.0,0.0,929.0,2000
152,Washington,52.0,33.0,37.0,163.0,105.0,126.0,115.0,0.0,631.0,2000
153,West Virginia,53.0,14.0,0.0,52.0,108.0,138.0,46.0,0.0,411.0,2000
154,Wisconsin,33.0,9.0,10.0,220.0,181.0,203.0,142.0,1.0,799.0,2000
155,Wyoming,51.0,0.0,0.0,60.0,4.0,14.0,23.0,0.0,152.0,2000
156,Alabama,82.0,59.0,0.0,264.0,93.0,287.0,201.0,5.0,991.0,2001
157,Alaska,27.0,14.0,1.0,9.0,15.0,13.0,6.0,4.0,89.0,2001
158,Arizona,157.0,48.0,28.0,295.0,183.0,206.0,123.0,11.0,1051.0,2001
159,Arkansas,61.0,37.0,10.0,150.0,102.0,135.0,116.0,0.0,611.0,2001
160,California,258.0,348.0,361.0,1113.0,921.0,575.0,363.0,17.0,3956.0,2001
161,Colorado,104.0,33.0,31.0,242.0,131.0,100.0,100.0,0.0,741.0,2001
162,Connecticut,8.0,49.0,30.0,81.0,74.0,42.0,34.0,0.0,318.0,2001
163,Delaware,0.0,15.0,0.0,36.0,16.0,45.0,24.0,0.0,136.0,2001
164,District of Columbia,0.0,4.0,7.0,14.0,7.0,0.0,36.0,0.0,68.0,2001
165,Florida,196.0,178.0,76.0,1031.0,504.0,50.0,930.0,47.0,3012.0,2001
166,Georgia,133.0,140.0,19.0,338.0,388.0,310.0,302.0,17.0,1647.0,2001
167,Hawaii,0.0,7.0,7.0,40.0,37.0,25.0,23.0,1.0,140.0,2001
168,Idaho,44.0,8.0,1.0,66.0,39.0,62.0,32.0,7.0,259.0,2001
169,Illinois,80.0,125.0,5.0,332.0,273.0,215.0,384.0,0.0,1414.0,2001
170,Indiana,103.0,0.0,5.0,91.0,136.0,243.0,330.0,1.0,909.0,2001
171,Iowa,39.0,17.0,0.0,135.0,58.0,118.0,78.0,1.0,446.0,2001
172,Kansas,30.0,25.0,13.0,145.0,92.0,124.0,65.0,0.0,494.0,2001
173,Kentucky,52.0,30.0,8.0,200.0,121.0,292.0,141.0,1.0,845.0,2001
174,Louisiana,108.0,45.0,4.0,219.0,108.0,339.0,129.0,0.0,952.0,2001
175,Maine,15.0,4.0,3.0,40.0,40.0,61.0,27.0,2.0,192.0,2001
176,Maryland,23.0,55.0,31.0,183.0,125.0,115.0,106.0,21.0,659.0,2001
177,Massachusetts,8.0,51.0,15.0,142.0,126.0,60.0,75.0,0.0,477.0,2001
178,Michigan,50.0,84.0,32.0,302.0,305.0,338.0,213.0,4.0,1328.0,2001
179,Minnesota,25.0,38.0,14.0,145.0,145.0,123.0,77.0,1.0,568.0,2001
180,Mississippi,81.0,0.0,0.0,0.0,2.0,410.0,288.0,3.0,784.0,2001
181,Missouri,75.0,102.0,61.0,242.0,117.0,241.0,257.0,3.0,1098.0,2001
182,Montana,40.0,2.0,3.0,89.0,30.0,36.0,30.0,0.0,230.0,2001
183,Nebraska,22.0,7.0,8.0,69.0,49.0,30.0,61.0,0.0,246.0,2001
184,Nevada,41.0,18.0,31.0,66.0,90.0,39.0,28.0,1.0,314.0,2001
185,New Hampshire,9.0,6.0,7.0,49.0,21.0,31.0,18.0,1.0,142.0,2001
186,New Jersey,8.0,71.0,64.0,207.0,121.0,107.0,158.0,9.0,745.0,2001
187,New Mexico,115.0,17.0,13.0,112.0,46.0,83.0,77.0,1.0,464.0,2001
188,New York,78.0,54.0,96.0,445.0,277.0,268.0,345.0,1.0,1564.0,2001
189,North Carolina,63.0,49.0,26.0,282.0,209.0,446.0,455.0,0.0,1530.0,2001
190,North Dakota,10.0,1.0,2.0,32.0,13.0,25.0,22.0,0.0,105.0,2001
191,Ohio,55.0,101.0,36.0,191.0,225.0,394.0,149.0,227.0,1378.0,2001
192,Oklahoma,39.0,44.0,29.0,139.0,112.0,191.0,123.0,5.0,682.0,2001
193,Oregon,31.0,5.0,3.0,191.0,87.0,118.0,53.0,0.0,488.0,2001
194,Pennsylvania,65.0,70.0,29.0,380.0,370.0,295.0,320.0,3.0,1532.0,2001
195,Rhode Island,0.0,15.0,7.0,29.0,13.0,14.0,3.0,0.0,81.0,2001
196,South Carolina,112.0,13.0,2.0,205.0,253.0,405.0,7.0,63.0,1060.0,2001
197,South Dakota,20.0,1.0,2.0,48.0,33.0,39.0,26.0,2.0,171.0,2001
198,Tennessee,91.0,66.0,21.0,269.0,298.0,307.0,199.0,0.0,1251.0,2001
199,Texas,273.0,319.0,249.0,798.0,495.0,662.0,939.0,1.0,3736.0,2001
200,USA,3142.0,2523.0,1425.0,10161.0,7609.0,8808.0,8062.0,466.0,42196.0,2001
201,Utah,67.0,18.0,0.0,7.0,96.0,2.0,100.0,1.0,291.0,2001
202,Vermont,7.0,0.0,1.0,19.0,23.0,20.0,21.0,1.0,92.0,2001
203,Virginia,68.0,54.0,7.0,210.0,232.0,248.0,114.0,2.0,935.0,2001
204,Washington,43.0,47.0,20.0,163.0,100.0,126.0,150.0,0.0,649.0,2001
205,West Virginia,43.0,11.0,0.0,49.0,83.0,144.0,44.0,2.0,376.0,2001
206,Wisconsin,24.0,14.0,7.0,208.0,154.0,213.0,143.0,0.0,763.0,2001
207,Wyoming,59.0,4.0,0.0,49.0,21.0,36.0,17.0,0.0,186.0,2001
208,Alabama,112.0,51.0,17.0,213.0,58.0,295.0,292.0,0.0,1038.0,2002
209,Alaska,21.0,8.0,3.0,12.0,23.0,14.0,3.0,5.0,89.0,2002
210,Arizona,175.0,40.0,44.0,299.0,201.0,221.0,139.0,13.0,1132.0,2002
211,Arkansas,55.0,39.0,8.0,150.0,128.0,129.0,131.0,0.0,640.0,2002
212,California,294.0,317.0,341.0,1145.0,988.0,600.0,387.0,16.0,4088.0,2002
213,Colorado,108.0,48.0,39.0,211.0,144.0,108.0,85.0,0.0,743.0,2002
214,Connecticut,3.0,49.0,18.0,83.0,79.0,45.0,48.0,0.0,325.0,2002
215,Delaware,0.0,5.0,0.0,50.0,19.0,19.0,31.0,0.0,124.0,2002
216,District of Columbia,0.0,2.0,1.0,6.0,2.0,0.0,36.0,0.0,47.0,2002
217,Florida,237.0,201.0,67.0,1185.0,477.0,49.0,899.0,21.0,3136.0,2002
218,Georgia,131.0,100.0,11.0,325.0,370.0,294.0,262.0,31.0,1524.0,2002
219,Hawaii,1.0,9.0,5.0,41.0,28.0,24.0,11.0,0.0,119.0,2002
220,Idaho,26.0,12.0,3.0,81.0,36.0,58.0,40.0,8.0,264.0,2002
221,Illinois,75.0,112.0,17.0,332.0,255.0,230.0,399.0,0.0,1420.0,2002
222,Indiana,78.0,0.0,0.0,29.0,138.0,187.0,356.0,4.0,792.0,2002
223,Iowa,25.0,12.0,0.0,118.0,72.0,113.0,65.0,0.0,405.0,2002
224,Kansas,23.0,27.0,13.0,151.0,101.0,115.0,77.0,0.0,507.0,2002
225,Kentucky,59.0,34.0,10.0,189.0,126.0,324.0,173.0,0.0,915.0,2002
226,Louisiana,93.0,35.0,2.0,241.0,133.0,290.0,113.0,0.0,907.0,2002
227,Maine,14.0,3.0,3.0,35.0,33.0,64.0,57.0,7.0,216.0,2002
228,Maryland,24.0,63.0,47.0,186.0,127.0,123.0,87.0,4.0,661.0,2002
229,Massachusetts,5.0,52.0,25.0,131.0,111.0,89.0,45.0,1.0,459.0,2002
230,Michigan,48.0,72.0,31.0,301.0,240.0,343.0,216.0,26.0,1277.0,2002
231,Minnesota,33.0,40.0,16.0,119.0,182.0,186.0,81.0,0.0,657.0,2002
232,Mississippi,101.0,1.0,0.0,3.0,1.0,470.0,303.0,6.0,885.0,2002
233,Missouri,91.0,100.0,55.0,268.0,112.0,278.0,297.0,7.0,1208.0,2002
234,Montana,59.0,0.0,5.0,73.0,42.0,45.0,45.0,0.0,269.0,2002
235,Nebraska,56.0,2.0,6.0,68.0,54.0,46.0,75.0,0.0,307.0,2002
236,Nevada,43.0,22.0,17.0,110.0,101.0,59.0,29.0,0.0,381.0,2002
237,New Hampshire,10.0,5.0,2.0,39.0,22.0,27.0,22.0,0.0,127.0,2002
238,New Jersey,27.0,68.0,65.0,209.0,112.0,102.0,187.0,1.0,771.0,2002
239,New Mexico,118.0,31.0,13.0,58.0,60.0,89.0,65.0,15.0,449.0,2002
240,New York,62.0,56.0,131.0,377.0,305.0,274.0,317.0,8.0,1530.0,2002
241,North Carolina,75.0,62.0,22.0,232.0,167.0,481.0,536.0,1.0,1576.0,2002
242,North Dakota,12.0,0.0,7.0,27.0,10.0,24.0,17.0,0.0,97.0,2002
243,Ohio,53.0,81.0,63.0,202.0,243.0,480.0,279.0,17.0,1418.0,2002
244,Oklahoma,74.0,44.0,17.0,158.0,143.0,164.0,137.0,2.0,739.0,2002
245,Oregon,25.0,6.0,0.0,174.0,68.0,113.0,50.0,0.0,436.0,2002
246,Pennsylvania,69.0,59.0,30.0,372.0,399.0,312.0,368.0,5.0,1614.0,2002
247,Rhode Island,1.0,19.0,8.0,27.0,10.0,11.0,8.0,0.0,84.0,2002
248,South Carolina,100.0,11.0,5.0,189.0,263.0,402.0,2.0,81.0,1053.0,2002
249,South Dakota,20.0,1.0,2.0,41.0,34.0,58.0,24.0,0.0,180.0,2002
250,Tennessee,111.0,68.0,10.0,245.0,253.0,293.0,197.0,0.0,1177.0,2002
251,Texas,241.0,329.0,267.0,830.0,489.0,717.0,945.0,5.0,3823.0,2002
252,USA,3298.0,2482.0,1506.0,10018.0,7685.0,9168.0,8556.0,292.0,43005.0,2002
253,Utah,87.0,26.0,4.0,14.0,93.0,9.0,95.0,0.0,328.0,2002
254,Vermont,5.0,0.0,3.0,19.0,20.0,21.0,9.0,1.0,78.0,2002
255,Virginia,61.0,71.0,24.0,193.0,196.0,235.0,134.0,0.0,914.0,2002
256,Washington,30.0,39.0,20.0,133.0,119.0,162.0,151.0,4.0,658.0,2002
257,West Virginia,39.0,16.0,0.0,74.0,111.0,139.0,60.0,0.0,439.0,2002
258,Wisconsin,33.0,25.0,8.0,198.0,174.0,206.0,159.0,0.0,803.0,2002
259,Wyoming,55.0,9.0,1.0,52.0,13.0,31.0,12.0,3.0,176.0,2002
260,Alabama,91.0,58.0,74.0,180.0,162.0,271.0,163.0,5.0,1004.0,2003
261,Alaska,32.0,6.0,2.0,10.0,10.0,18.0,13.0,7.0,98.0,2003
262,Arizona,192.0,39.0,36.0,279.0,212.0,200.0,124.0,36.0,1118.0,2003
263,Arkansas,38.0,30.0,12.0,177.0,112.0,154.0,117.0,0.0,640.0,2003
264,California,248.0,359.0,364.0,1226.0,1040.0,635.0,335.0,17.0,4224.0,2003
265,Colorado,59.0,58.0,39.0,206.0,133.0,95.0,52.0,0.0,642.0,2003
266,Connecticut,9.0,60.0,22.0,59.0,60.0,40.0,46.0,2.0,298.0,2003
267,Delaware,0.0,25.0,0.0,45.0,21.0,32.0,19.0,0.0,142.0,2003
268,District of Columbia,0.0,2.0,1.0,0.0,0.0,0.0,64.0,0.0,67.0,2003
269,Florida,251.0,159.0,66.0,1107.0,729.0,68.0,783.0,6.0,3169.0,2003
270,Georgia,107.0,106.0,10.0,295.0,398.0,344.0,278.0,65.0,1603.0,2003
271,Hawaii,0.0,7.0,4.0,51.0,43.0,17.0,8.0,3.0,133.0,2003
272,Idaho,43.0,12.0,0.0,88.0,47.0,59.0,31.0,13.0,293.0,2003
273,Illinois,96.0,103.0,7.0,311.0,278.0,259.0,400.0,0.0,1454.0,2003
274,Indiana,76.0,9.0,6.0,114.0,175.0,167.0,286.0,0.0,833.0,2003
275,Iowa,38.0,20.0,0.0,110.0,70.0,117.0,87.0,1.0,443.0,2003
276,Kansas,32.0,21.0,15.0,140.0,81.0,104.0,76.0,0.0,469.0,2003
277,Kentucky,51.0,28.0,4.0,213.0,127.0,368.0,135.0,2.0,928.0,2003
278,Louisiana,123.0,32.0,3.0,161.0,196.0,263.0,143.0,19.0,940.0,2003
279,Maine,15.0,0.0,0.0,59.0,36.0,52.0,43.0,2.0,207.0,2003
280,Maryland,24.0,38.0,38.0,194.0,148.0,130.0,75.0,3.0,650.0,2003
281,Massachusetts,4.0,69.0,20.0,133.0,125.0,59.0,51.0,1.0,462.0,2003
282,Michigan,31.0,92.0,32.0,329.0,266.0,329.0,199.0,5.0,1283.0,2003
283,Minnesota,36.0,25.0,13.0,135.0,180.0,163.0,103.0,0.0,655.0,2003
284,Mississippi,66.0,33.0,0.0,11.0,6.0,406.0,349.0,1.0,872.0,2003
285,Missouri,101.0,92.0,49.0,287.0,138.0,305.0,258.0,2.0,1232.0,2003
286,Montana,43.0,4.0,10.0,73.0,38.0,45.0,48.0,1.0,262.0,2003
287,Nebraska,22.0,8.0,4.0,73.0,79.0,53.0,54.0,0.0,293.0,2003
288,Nevada,47.0,21.0,9.0,79.0,101.0,47.0,31.0,33.0,368.0,2003
289,New Hampshire,10.0,3.0,1.0,34.0,11.0,44.0,22.0,2.0,127.0,2003
290,New Jersey,17.0,60.0,69.0,207.0,128.0,73.0,179.0,0.0,733.0,2003
291,New Mexico,139.0,0.0,17.0,54.0,52.0,75.0,43.0,59.0,439.0,2003
292,New York,39.0,56.0,114.0,373.0,324.0,274.0,302.0,11.0,1493.0,2003
293,North Carolina,72.0,50.0,28.0,246.0,178.0,451.0,528.0,0.0,1553.0,2003
294,North Dakota,5.0,2.0,1.0,23.0,20.0,15.0,38.0,1.0,105.0,2003
295,Ohio,39.0,92.0,122.0,151.0,237.0,381.0,248.0,4.0,1274.0,2003
296,Oklahoma,70.0,42.0,13.0,156.0,123.0,171.0,93.0,3.0,671.0,2003
297,Oregon,26.0,17.0,9.0,191.0,89.0,131.0,49.0,0.0,512.0,2003
298,Pennsylvania,92.0,58.0,37.0,395.0,375.0,302.0,303.0,15.0,1577.0,2003
299,Rhode Island,5.0,13.0,9.0,35.0,17.0,16.0,9.0,0.0,104.0,2003
300,South Carolina,82.0,10.0,2.0,205.0,237.0,425.0,3.0,5.0,969.0,2003
301,South Dakota,39.0,6.0,2.0,42.0,24.0,51.0,39.0,0.0,203.0,2003
302,Tennessee,84.0,82.0,13.0,284.0,269.0,291.0,170.0,0.0,1193.0,2003
303,Texas,266.0,324.0,241.0,822.0,534.0,710.0,923.0,1.0,3821.0,2003
304,USA,3144.0,2500.0,1591.0,10109.0,8362.0,8953.0,7894.0,331.0,42884.0,2003
305,Utah,88.0,23.0,0.0,13.0,98.0,2.0,85.0,0.0,309.0,2003
306,Vermont,9.0,0.0,3.0,9.0,14.0,22.0,12.0,0.0,69.0,2003
307,Virginia,59.0,52.0,19.0,209.0,253.0,224.0,125.0,2.0,943.0,2003
308,Washington,33.0,31.0,24.0,150.0,89.0,146.0,127.0,0.0,600.0,2003
309,West Virginia,31.0,17.0,0.0,101.0,71.0,122.0,51.0,1.0,394.0,2003
310,Wisconsin,26.0,29.0,25.0,218.0,192.0,191.0,164.0,3.0,848.0,2003
311,Wyoming,38.0,17.0,2.0,46.0,16.0,36.0,10.0,0.0,165.0,2003
312,Alabama,63.0,78.0,102.0,177.0,214.0,325.0,191.0,4.0,1154.0,2004
313,Alaska,27.0,7.0,0.0,18.0,17.0,22.0,7.0,3.0,101.0,2004
314,Arizona,193.0,57.0,36.0,314.0,187.0,220.0,111.0,33.0,1151.0,2004
315,Arkansas,73.0,35.0,16.0,196.0,129.0,132.0,122.0,0.0,703.0,2004
316,California,257.0,355.0,377.0,1154.0,945.0,664.0,355.0,13.0,4120.0,2004
317,Colorado,66.0,33.0,42.0,212.0,137.0,120.0,57.0,0.0,667.0,2004
318,Connecticut,1.0,42.0,22.0,55.0,74.0,67.0,31.0,2.0,294.0,2004
319,Delaware,0.0,10.0,0.0,41.0,29.0,25.0,29.0,0.0,134.0,2004
320,District of Columbia,0.0,1.0,0.0,0.0,0.0,0.0,42.0,0.0,43.0,2004
321,Florida,259.0,189.0,99.0,1148.0,1099.0,51.0,386.0,13.0,3244.0,2004
322,Georgia,129.0,117.0,20.0,334.0,436.0,308.0,249.0,41.0,1634.0,2004
323,Hawaii,0.0,14.0,4.0,36.0,48.0,29.0,11.0,0.0,142.0,2004
324,Idaho,51.0,13.0,0.0,70.0,40.0,43.0,26.0,17.0,260.0,2004
325,Illinois,85.0,109.0,13.0,323.0,242.0,257.0,326.0,0.0,1355.0,2004
326,Indiana,78.0,22.0,0.0,9.0,171.0,217.0,450.0,0.0,947.0,2004
327,Iowa,23.0,14.0,3.0,126.0,44.0,116.0,61.0,1.0,388.0,2004
328,Kansas,39.0,18.0,7.0,152.0,85.0,98.0,60.0,0.0,459.0,2004
329,Kentucky,72.0,36.0,10.0,221.0,122.0,356.0,147.0,0.0,964.0,2004
330,Louisiana,65.0,75.0,3.0,196.0,165.0,263.0,158.0,2.0,927.0,2004
331,Maine,14.0,4.0,3.0,48.0,30.0,60.0,35.0,0.0,194.0,2004
332,Maryland,28.0,55.0,51.0,160.0,152.0,126.0,71.0,0.0,643.0,2004
333,Massachusetts,8.0,65.0,49.0,102.0,106.0,89.0,54.0,3.0,476.0,2004
334,Michigan,44.0,66.0,17.0,284.0,233.0,297.0,213.0,5.0,1159.0,2004
335,Minnesota,29.0,18.0,6.0,139.0,163.0,126.0,86.0,0.0,567.0,2004
336,Mississippi,87.0,30.0,6.0,150.0,30.0,279.0,306.0,12.0,900.0,2004
337,Missouri,113.0,61.0,79.0,248.0,152.0,298.0,179.0,0.0,1130.0,2004
338,Montana,39.0,2.0,8.0,63.0,58.0,2.0,56.0,1.0,229.0,2004
339,Nebraska,28.0,5.0,2.0,69.0,50.0,54.0,46.0,0.0,254.0,2004
340,Nevada,38.0,30.0,9.0,76.0,7.0,13.0,7.0,215.0,395.0,2004
341,New Hampshire,14.0,8.0,0.0,44.0,40.0,35.0,26.0,4.0,171.0,2004
342,New Jersey,15.0,68.0,65.0,210.0,151.0,98.0,115.0,1.0,723.0,2004
343,New Mexico,149.0,16.0,13.0,84.0,71.0,108.0,33.0,47.0,521.0,2004
344,New York,51.0,51.0,105.0,378.0,325.0,301.0,272.0,12.0,1495.0,2004
345,North Carolina,85.0,55.0,17.0,266.0,167.0,463.0,519.0,1.0,1573.0,2004
346,North Dakota,7.0,1.0,0.0,39.0,18.0,10.0,25.0,0.0,100.0,2004
347,Ohio,53.0,94.0,111.0,157.0,200.0,402.0,263.0,6.0,1286.0,2004
348,Oklahoma,73.0,55.0,14.0,174.0,141.0,155.0,162.0,0.0,774.0,2004
349,Oregon,28.0,12.0,1.0,163.0,92.0,112.0,46.0,2.0,456.0,2004
350,Pennsylvania,55.0,65.0,37.0,378.0,373.0,302.0,273.0,7.0,1490.0,2004
351,Rhode Island,2.0,14.0,5.0,31.0,14.0,10.0,7.0,0.0,83.0,2004
352,South Carolina,98.0,21.0,12.0,204.0,274.0,377.0,0.0,60.0,1046.0,2004
353,South Dakota,23.0,4.0,0.0,59.0,24.0,52.0,35.0,0.0,197.0,2004
354,Tennessee,100.0,79.0,7.0,305.0,350.0,287.0,211.0,0.0,1339.0,2004
355,Texas,228.0,328.0,242.0,767.0,473.0,656.0,1005.0,0.0,3699.0,2004
356,USA,3227.0,2602.0,1673.0,10014.0,8616.0,8740.0,7452.0,512.0,42836.0,2004
357,Utah,79.0,21.0,0.0,7.0,90.0,2.0,97.0,0.0,296.0,2004
358,Vermont,8.0,5.0,1.0,19.0,26.0,28.0,11.0,0.0,98.0,2004
359,Virginia,56.0,74.0,14.0,187.0,242.0,213.0,135.0,1.0,922.0,2004
360,Washington,39.0,28.0,18.0,109.0,108.0,148.0,113.0,4.0,567.0,2004
361,West Virginia,66.0,15.0,5.0,77.0,83.0,110.0,54.0,0.0,410.0,2004
362,Wisconsin,34.0,17.0,17.0,199.0,173.0,189.0,162.0,1.0,792.0,2004
363,Wyoming,55.0,10.0,5.0,36.0,16.0,25.0,16.0,1.0,164.0,2004
364,Alabama,76.0,59.0,111.0,193.0,221.0,333.0,134.0,21.0,1148.0,2005
365,Alaska,27.0,6.0,0.0,3.0,10.0,18.0,6.0,3.0,73.0,2005
366,Arizona,173.0,77.0,43.0,314.0,223.0,210.0,124.0,15.0,1179.0,2005
367,Arkansas,74.0,19.0,11.0,178.0,127.0,129.0,116.0,0.0,654.0,2005
368,California,270.0,391.0,367.0,1153.0,1172.0,680.0,280.0,20.0,4333.0,2005
369,Colorado,51.0,37.0,25.0,211.0,122.0,99.0,61.0,0.0,606.0,2005
370,Connecticut,1.0,40.0,16.0,62.0,70.0,39.0,49.0,1.0,278.0,2005
371,Delaware,0.0,10.0,2.0,44.0,12.0,36.0,29.0,0.0,133.0,2005
372,District of Columbia,0.0,5.0,0.0,0.0,0.0,0.0,43.0,0.0,48.0,2005
373,Florida,175.0,327.0,105.0,1219.0,436.0,60.0,1196.0,0.0,3518.0,2005
374,Georgia,113.0,97.0,16.0,332.0,377.0,291.0,229.0,274.0,1729.0,2005
375,Hawaii,1.0,6.0,5.0,45.0,38.0,27.0,15.0,3.0,140.0,2005
376,Idaho,34.0,8.0,0.0,89.0,34.0,69.0,25.0,16.0,275.0,2005
377,Illinois,75.0,119.0,12.0,367.0,324.0,264.0,202.0,0.0,1363.0,2005
378,Indiana,83.0,31.0,0.0,3.0,140.0,250.0,431.0,0.0,938.0,2005
379,Iowa,44.0,9.0,3.0,138.0,57.0,129.0,70.0,0.0,450.0,2005
380,Kansas,40.0,2.0,6.0,135.0,84.0,100.0,61.0,0.0,428.0,2005
381,Kentucky,62.0,38.0,7.0,213.0,139.0,365.0,160.0,1.0,985.0,2005
382,Louisiana,105.0,55.0,3.0,182.0,162.0,260.0,190.0,6.0,963.0,2005
383,Maine,20.0,1.0,0.0,38.0,19.0,63.0,27.0,1.0,169.0,2005
384,Maryland,22.0,55.0,47.0,194.0,123.0,99.0,73.0,1.0,614.0,2005
385,Massachusetts,1.0,65.0,114.0,8.0,145.0,48.0,58.0,2.0,441.0,2005
386,Michigan,39.0,80.0,30.0,286.0,245.0,249.0,199.0,1.0,1129.0,2005
387,Minnesota,42.0,24.0,6.0,125.0,147.0,130.0,85.0,0.0,559.0,2005
388,Mississippi,97.0,13.0,27.0,115.0,29.0,469.0,175.0,6.0,931.0,2005
389,Missouri,130.0,86.0,86.0,249.0,197.0,305.0,204.0,0.0,1257.0,2005
390,Montana,40.0,4.0,2.0,73.0,59.0,30.0,40.0,3.0,251.0,2005
391,Nebraska,38.0,7.0,3.0,78.0,52.0,42.0,56.0,0.0,276.0,2005
392,Nevada,37.0,19.0,7.0,125.0,97.0,36.0,66.0,40.0,427.0,2005
393,New Hampshire,11.0,8.0,3.0,21.0,27.0,50.0,42.0,4.0,166.0,2005
394,New Jersey,18.0,74.0,62.0,247.0,160.0,84.0,102.0,0.0,747.0,2005
395,New Mexico,152.0,9.0,12.0,65.0,82.0,85.0,25.0,58.0,488.0,2005
396,New York,46.0,54.0,100.0,348.0,331.0,273.0,278.0,4.0,1434.0,2005
397,North Carolina,79.0,66.0,30.0,299.0,159.0,419.0,495.0,0.0,1547.0,2005
398,North Dakota,15.0,1.0,0.0,36.0,20.0,14.0,37.0,0.0,123.0,2005
399,Ohio,68.0,84.0,112.0,158.0,215.0,424.0,257.0,3.0,1321.0,2005
400,Oklahoma,66.0,41.0,19.0,174.0,154.0,141.0,208.0,0.0,803.0,2005
401,Oregon,30.0,8.0,3.0,172.0,114.0,111.0,47.0,2.0,487.0,2005
402,Pennsylvania,81.0,51.0,46.0,408.0,402.0,327.0,295.0,6.0,1616.0,2005
403,Rhode Island,2.0,13.0,10.0,32.0,22.0,5.0,3.0,0.0,87.0,2005
404,South Carolina,117.0,11.0,7.0,253.0,301.0,339.0,0.0,66.0,1094.0,2005
405,South Dakota,23.0,1.0,1.0,52.0,30.0,46.0,33.0,0.0,186.0,2005
406,Tennessee,83.0,91.0,15.0,258.0,352.0,266.0,205.0,0.0,1270.0,2005
407,Texas,262.0,370.0,211.0,709.0,420.0,650.0,909.0,5.0,3536.0,2005
408,USA,3248.0,2734.0,1735.0,10185.0,8319.0,8818.0,7901.0,570.0,43510.0,2005
409,Utah,82.0,30.0,0.0,12.0,76.0,1.0,81.0,0.0,282.0,2005
410,Vermont,5.0,0.0,3.0,19.0,12.0,17.0,17.0,0.0,73.0,2005
411,Virginia,63.0,71.0,13.0,218.0,210.0,232.0,138.0,2.0,947.0,2005
412,Washington,42.0,19.0,11.0,171.0,132.0,161.0,111.0,2.0,649.0,2005
413,West Virginia,53.0,13.0,6.0,90.0,61.0,106.0,45.0,0.0,374.0,2005
414,Wisconsin,34.0,25.0,17.0,223.0,151.0,211.0,154.0,0.0,815.0,2005
415,Wyoming,46.0,4.0,0.0,48.0,27.0,26.0,15.0,4.0,170.0,2005
416,Alabama,93.0,83.0,121.0,136.0,223.0,350.0,182.0,19.0,1207.0,2006
417,Alaska,12.0,3.0,0.0,8.0,11.0,19.0,19.0,2.0,74.0,2006
418,Arizona,177.0,48.0,55.0,348.0,224.0,269.0,131.0,41.0,1293.0,2006
419,Arkansas,50.0,32.0,13.0,165.0,123.0,129.0,153.0,0.0,665.0,2006
420,California,253.0,424.0,325.0,1150.0,1067.0,699.0,301.0,21.0,4240.0,2006
421,Colorado,59.0,34.0,27.0,172.0,93.0,95.0,55.0,0.0,535.0,2006
422,Connecticut,2.0,45.0,23.0,59.0,80.0,57.0,44.0,1.0,311.0,2006
423,Delaware,0.0,13.0,0.0,52.0,20.0,31.0,32.0,0.0,148.0,2006
424,District of Columbia,0.0,0.0,1.0,0.0,0.0,0.0,36.0,0.0,37.0,2006
425,Florida,175.0,265.0,133.0,1124.0,425.0,69.0,1148.0,18.0,3357.0,2006
426,Georgia,90.0,119.0,7.0,281.0,388.0,320.0,258.0,230.0,1693.0,2006
427,Hawaii,0.0,15.0,8.0,43.0,48.0,30.0,14.0,3.0,161.0,2006
428,Idaho,31.0,10.0,0.0,73.0,41.0,61.0,25.0,26.0,267.0,2006
429,Illinois,51.0,98.0,14.0,295.0,334.0,251.0,208.0,3.0,1254.0,2006
430,Indiana,71.0,25.0,0.0,0.0,135.0,266.0,405.0,0.0,902.0,2006
431,Iowa,34.0,12.0,4.0,126.0,70.0,92.0,101.0,0.0,439.0,2006
432,Kansas,48.0,1.0,2.0,157.0,92.0,87.0,81.0,0.0,468.0,2006
433,Kentucky,52.0,29.0,5.0,194.0,117.0,356.0,160.0,0.0,913.0,2006
434,Louisiana,80.0,98.0,10.0,187.0,197.0,212.0,196.0,7.0,987.0,2006
435,Maine,9.0,6.0,2.0,25.0,33.0,77.0,34.0,2.0,188.0,2006
436,Maryland,19.0,50.0,48.0,186.0,145.0,110.0,87.0,7.0,652.0,2006
437,Massachusetts,10.0,62.0,71.0,24.0,74.0,63.0,123.0,2.0,429.0,2006
438,Michigan,36.0,72.0,11.0,289.0,263.0,257.0,157.0,1.0,1086.0,2006
439,Minnesota,14.0,29.0,7.0,103.0,135.0,122.0,84.0,0.0,494.0,2006
440,Mississippi,69.0,29.0,18.0,138.0,50.0,467.0,139.0,1.0,911.0,2006
441,Missouri,91.0,73.0,93.0,248.0,181.0,257.0,152.0,1.0,1096.0,2006
442,Montana,33.0,3.0,1.0,85.0,55.0,32.0,55.0,0.0,264.0,2006
443,Nebraska,30.0,1.0,6.0,74.0,57.0,54.0,47.0,0.0,269.0,2006
444,Nevada,35.0,34.0,10.0,131.0,110.0,32.0,52.0,27.0,431.0,2006
445,New Hampshire,8.0,6.0,3.0,21.0,36.0,27.0,26.0,0.0,127.0,2006
446,New Jersey,13.0,96.0,60.0,239.0,171.0,100.0,91.0,1.0,771.0,2006
447,New Mexico,113.0,7.0,17.0,78.0,63.0,119.0,46.0,41.0,484.0,2006
448,New York,93.0,43.0,93.0,449.0,232.0,196.0,341.0,7.0,1454.0,2006
449,North Carolina,75.0,45.0,23.0,287.0,200.0,435.0,489.0,0.0,1554.0,2006
450,North Dakota,10.0,0.0,0.0,32.0,17.0,21.0,30.0,1.0,111.0,2006
451,Ohio,64.0,62.0,83.0,157.0,197.0,435.0,237.0,3.0,1238.0,2006
452,Oklahoma,79.0,35.0,23.0,166.0,155.0,153.0,154.0,0.0,765.0,2006
453,Oregon,26.0,13.0,4.0,181.0,91.0,113.0,50.0,0.0,478.0,2006
454,Pennsylvania,60.0,63.0,43.0,371.0,353.0,309.0,320.0,6.0,1525.0,2006
455,Rhode Island,1.0,6.0,12.0,25.0,22.0,14.0,1.0,0.0,81.0,2006
456,South Carolina,106.0,23.0,2.0,228.0,261.0,343.0,0.0,82.0,1045.0,2006
457,South Dakota,23.0,6.0,1.0,39.0,39.0,46.0,37.0,0.0,191.0,2006
458,Tennessee,75.0,79.0,31.0,318.0,305.0,301.0,175.0,0.0,1284.0,2006
459,Texas,232.0,305.0,235.0,750.0,498.0,657.0,853.0,1.0,3531.0,2006
460,USA,2887.0,2663.0,1690.0,10001.0,8153.0,8838.0,7916.0,560.0,42708.0,2006
461,Utah,45.0,25.0,0.0,23.0,99.0,1.0,94.0,0.0,287.0,2006
462,Vermont,14.0,1.0,1.0,15.0,22.0,18.0,16.0,0.0,87.0,2006
463,Virginia,80.0,71.0,17.0,207.0,223.0,218.0,145.0,1.0,962.0,2006
464,Washington,32.0,31.0,1.0,182.0,106.0,150.0,131.0,0.0,633.0,2006
465,West Virginia,42.0,11.0,2.0,90.0,105.0,100.0,59.0,1.0,410.0,2006
466,Wisconsin,18.0,18.0,23.0,221.0,145.0,175.0,124.0,0.0,724.0,2006
467,Wyoming,54.0,4.0,1.0,49.0,22.0,43.0,18.0,4.0,195.0,2006
468,Alabama,69.0,75.0,88.0,144.0,237.0,339.0,137.0,21.0,1110.0,2007
469,Alaska,16.0,13.0,1.0,14.0,14.0,16.0,7.0,1.0,82.0,2007
470,Arizona,132.0,51.0,35.0,284.0,184.0,209.0,171.0,5.0,1071.0,2007
471,Arkansas,61.0,30.0,6.0,186.0,109.0,127.0,130.0,0.0,649.0,2007
472,California,191.0,383.0,336.0,1000.0,1027.0,685.0,371.0,2.0,3995.0,2007
473,Colorado,52.0,31.0,12.0,200.0,107.0,99.0,53.0,0.0,554.0,2007
474,Connecticut,1.0,52.0,28.0,60.0,78.0,32.0,45.0,0.0,296.0,2007
475,Delaware,0.0,4.0,1.0,42.0,15.0,27.0,28.0,0.0,117.0,2007
476,District of Columbia,0.0,3.0,1.0,0.0,0.0,0.0,40.0,0.0,44.0,2007
477,Florida,146.0,253.0,95.0,1105.0,405.0,64.0,1129.0,16.0,3213.0,2007
478,Georgia,115.0,125.0,5.0,355.0,397.0,335.0,239.0,70.0,1641.0,2007
479,Hawaii,0.0,10.0,2.0,37.0,44.0,20.0,24.0,1.0,138.0,2007
480,Idaho,46.0,8.0,1.0,63.0,41.0,61.0,21.0,11.0,252.0,2007
481,Illinois,56.0,116.0,5.0,334.0,303.0,232.0,202.0,0.0,1248.0,2007
482,Indiana,87.0,22.0,0.0,2.0,143.0,243.0,401.0,0.0,898.0,2007
483,Iowa,31.0,26.0,1.0,125.0,78.0,88.0,97.0,0.0,446.0,2007
484,Kansas,44.0,0.0,4.0,133.0,93.0,81.0,61.0,0.0,416.0,2007
485,Kentucky,65.0,34.0,3.0,181.0,131.0,303.0,147.0,0.0,864.0,2007
486,Louisiana,65.0,83.0,7.0,213.0,160.0,252.0,213.0,0.0,993.0,2007
487,Maine,15.0,0.0,3.0,39.0,37.0,53.0,36.0,0.0,183.0,2007
488,Maryland,6.0,75.0,39.0,177.0,133.0,94.0,89.0,1.0,614.0,2007
489,Massachusetts,4.0,72.0,88.0,18.0,42.0,7.0,203.0,0.0,434.0,2007
490,Michigan,50.0,54.0,18.0,275.0,258.0,255.0,177.0,0.0,1087.0,2007
491,Minnesota,29.0,30.0,10.0,119.0,141.0,119.0,62.0,0.0,510.0,2007
492,Mississippi,46.0,67.0,19.0,140.0,81.0,405.0,121.0,5.0,884.0,2007
493,Missouri,47.0,80.0,74.0,246.0,193.0,231.0,121.0,0.0,992.0,2007
494,Montana,35.0,2.0,0.0,94.0,48.0,47.0,51.0,0.0,277.0,2007
495,Nebraska,19.0,5.0,1.0,68.0,55.0,51.0,57.0,0.0,256.0,2007
496,Nevada,27.0,13.0,18.0,98.0,100.0,62.0,43.0,12.0,373.0,2007
497,New Hampshire,15.0,0.0,0.0,0.0,32.0,31.0,50.0,1.0,129.0,2007
498,New Jersey,13.0,61.0,65.0,247.0,148.0,74.0,116.0,0.0,724.0,2007
499,New Mexico,93.0,2.0,1.0,88.0,65.0,92.0,37.0,35.0,413.0,2007
500,New York,89.0,13.0,40.0,542.0,161.0,145.0,339.0,3.0,1332.0,2007
501,North Carolina,73.0,66.0,38.0,279.0,183.0,537.0,500.0,0.0,1676.0,2007
502,North Dakota,5.0,0.0,0.0,37.0,17.0,14.0,38.0,0.0,111.0,2007
503,Ohio,70.0,65.0,58.0,173.0,218.0,425.0,242.0,4.0,1255.0,2007
504,Oklahoma,102.0,47.0,20.0,184.0,127.0,181.0,97.0,8.0,766.0,2007
505,Oregon,34.0,4.0,0.0,153.0,81.0,125.0,58.0,0.0,455.0,2007
506,Pennsylvania,76.0,85.0,51.0,326.0,331.0,317.0,305.0,0.0,1491.0,2007
507,Rhode Island,1.0,10.0,3.0,19.0,6.0,2.0,27.0,1.0,69.0,2007
508,South Carolina,119.0,14.0,4.0,237.0,243.0,397.0,0.0,63.0,1077.0,2007
509,South Dakota,22.0,1.0,1.0,30.0,32.0,41.0,19.0,0.0,146.0,2007
510,Tennessee,96.0,77.0,18.0,266.0,295.0,278.0,181.0,0.0,1211.0,2007
511,Texas,170.0,344.0,233.0,700.0,481.0,680.0,851.0,7.0,3466.0,2007
512,USA,2677.0,2685.0,1497.0,9807.0,7782.0,8591.0,7939.0,281.0,41259.0,2007
513,Utah,58.0,19.0,0.0,43.0,85.0,0.0,94.0,0.0,299.0,2007
514,Vermont,6.0,1.0,1.0,7.0,14.0,14.0,22.0,1.0,66.0,2007
515,Virginia,54.0,77.0,31.0,211.0,257.0,225.0,171.0,1.0,1027.0,2007
516,Washington,26.0,24.0,7.0,176.0,86.0,139.0,105.0,8.0,571.0,2007
517,West Virginia,49.0,20.0,5.0,99.0,90.0,105.0,64.0,0.0,432.0,2007
518,Wisconsin,17.0,30.0,20.0,197.0,160.0,201.0,131.0,0.0,756.0,2007
519,Wyoming,34.0,8.0,0.0,41.0,16.0,31.0,16.0,4.0,150.0,2007
520,Alabama,45.0,64.0,113.0,140.0,206.0,249.0,138.0,14.0,969.0,2008
521,Alaska,26.0,3.0,4.0,3.0,11.0,7.0,6.0,2.0,62.0,2008
522,Arizona,132.0,26.0,37.0,263.0,172.0,174.0,132.0,2.0,938.0,2008
523,Arkansas,48.0,32.0,12.0,149.0,114.0,105.0,140.0,0.0,600.0,2008
524,California,188.0,337.0,312.0,931.0,679.0,604.0,383.0,0.0,3434.0,2008
525,Colorado,63.0,39.0,25.0,188.0,99.0,90.0,44.0,0.0,548.0,2008
526,Connecticut,3.0,45.0,24.0,57.0,71.0,48.0,54.0,0.0,302.0,2008
527,Delaware,0.0,6.0,2.0,44.0,16.0,29.0,24.0,0.0,121.0,2008
528,District of Columbia,0.0,5.0,0.0,0.0,0.0,0.0,29.0,0.0,34.0,2008
529,Florida,156.0,230.0,99.0,1032.0,358.0,59.0,1031.0,15.0,2980.0,2008
530,Georgia,82.0,124.0,13.0,265.0,398.0,290.0,215.0,108.0,1495.0,2008
531,Hawaii,0.0,7.0,1.0,26.0,31.0,25.0,17.0,0.0,107.0,2008
532,Idaho,31.0,15.0,0.0,75.0,37.0,49.0,19.0,6.0,232.0,2008
533,Illinois,35.0,81.0,12.0,274.0,247.0,236.0,154.0,4.0,1043.0,2008
534,Indiana,64.0,20.0,0.0,0.0,137.0,199.0,400.0,0.0,820.0,2008
535,Iowa,49.0,17.0,0.0,94.0,72.0,96.0,84.0,0.0,412.0,2008
536,Kansas,29.0,1.0,5.0,138.0,62.0,82.0,67.0,0.0,384.0,2008
537,Kentucky,65.0,23.0,5.0,186.0,115.0,282.0,148.0,1.0,825.0,2008
538,Louisiana,65.0,68.0,12.0,158.0,190.0,224.0,198.0,1.0,916.0,2008
539,Maine,10.0,1.0,0.0,27.0,42.0,46.0,29.0,0.0,155.0,2008
540,Maryland,2.0,58.0,45.0,175.0,140.0,104.0,64.0,3.0,591.0,2008
541,Massachusetts,1.0,54.0,89.0,4.0,38.0,8.0,170.0,0.0,364.0,2008
542,Michigan,49.0,45.0,27.0,245.0,229.0,237.0,147.0,1.0,980.0,2008
543,Minnesota,39.0,23.0,10.0,95.0,108.0,123.0,56.0,1.0,455.0,2008
544,Mississippi,55.0,17.0,6.0,96.0,42.0,425.0,139.0,3.0,783.0,2008
545,Missouri,49.0,76.0,93.0,212.0,161.0,227.0,140.0,2.0,960.0,2008
546,Montana,40.0,0.0,0.0,64.0,49.0,32.0,41.0,3.0,229.0,2008
547,Nebraska,23.0,1.0,1.0,55.0,55.0,40.0,33.0,0.0,208.0,2008
548,Nevada,26.0,18.0,20.0,95.0,94.0,34.0,32.0,5.0,324.0,2008
549,New Hampshire,9.0,1.0,0.0,1.0,20.0,45.0,62.0,0.0,138.0,2008
550,New Jersey,7.0,62.0,51.0,170.0,125.0,77.0,95.0,3.0,590.0,2008
551,New Mexico,83.0,11.0,2.0,158.0,23.0,50.0,23.0,16.0,366.0,2008
552,New York,74.0,19.0,30.0,488.0,101.0,69.0,453.0,4.0,1238.0,2008
553,North Carolina,63.0,41.0,37.0,256.0,154.0,405.0,472.0,0.0,1428.0,2008
554,North Dakota,11.0,1.0,0.0,25.0,19.0,13.0,34.0,1.0,104.0,2008
555,Ohio,61.0,64.0,40.0,197.0,198.0,405.0,224.0,2.0,1191.0,2008
556,Oklahoma,48.0,48.0,28.0,149.0,142.0,204.0,122.0,9.0,750.0,2008
557,Oregon,26.0,12.0,1.0,128.0,66.0,137.0,42.0,4.0,416.0,2008
558,Pennsylvania,90.0,64.0,36.0,340.0,347.0,299.0,292.0,0.0,1468.0,2008
559,Rhode Island,2.0,5.0,5.0,18.0,4.0,4.0,24.0,3.0,65.0,2008
560,South Carolina,95.0,12.0,1.0,194.0,209.0,399.0,0.0,11.0,921.0,2008
561,South Dakota,19.0,2.0,0.0,38.0,15.0,33.0,14.0,0.0,121.0,2008
562,Tennessee,60.0,73.0,14.0,235.0,230.0,259.0,172.0,0.0,1043.0,2008
563,Texas,195.0,297.0,255.0,676.0,425.0,622.0,907.0,99.0,3476.0,2008
564,USA,2422.0,2300.0,1538.0,8899.0,6635.0,7761.0,7521.0,347.0,37423.0,2008
565,Utah,49.0,25.0,1.0,62.0,69.0,3.0,67.0,0.0,276.0,2008
566,Vermont,12.0,2.0,8.0,12.0,7.0,23.0,9.0,0.0,73.0,2008
567,Virginia,55.0,51.0,16.0,176.0,191.0,193.0,140.0,3.0,825.0,2008
568,Washington,16.0,26.0,23.0,184.0,100.0,101.0,53.0,18.0,521.0,2008
569,West Virginia,33.0,22.0,8.0,81.0,74.0,112.0,45.0,3.0,378.0,2008
570,Wisconsin,15.0,20.0,14.0,161.0,124.0,153.0,118.0,0.0,605.0,2008
571,Wyoming,24.0,6.0,1.0,59.0,19.0,31.0,19.0,0.0,159.0,2008
572,Alabama,35.0,51.0,91.0,110.0,163.0,223.0,161.0,14.0,848.0,2009
573,Alaska,14.0,9.0,0.0,11.0,13.0,11.0,5.0,1.0,64.0,2009
574,Arizona,104.0,38.0,25.0,198.0,143.0,167.0,128.0,3.0,806.0,2009
575,Arkansas,46.0,24.0,8.0,154.0,103.0,132.0,128.0,1.0,596.0,2009
576,California,155.0,283.0,310.0,1012.0,466.0,399.0,465.0,0.0,3090.0,2009
577,Colorado,56.0,20.0,21.0,157.0,103.0,57.0,51.0,0.0,465.0,2009
578,Connecticut,6.0,31.0,25.0,51.0,48.0,32.0,31.0,0.0,224.0,2009
579,Delaware,0.0,6.0,0.0,47.0,6.0,39.0,18.0,0.0,116.0,2009
580,District of Columbia,0.0,3.0,0.0,0.0,0.0,0.0,26.0,0.0,29.0,2009
581,Florida,101.0,209.0,79.0,865.0,304.0,49.0,926.0,27.0,2560.0,2009
582,Georgia,99.0,99.0,8.0,260.0,334.0,242.0,201.0,49.0,1292.0,2009
583,Hawaii,0.0,5.0,7.0,33.0,32.0,20.0,12.0,0.0,109.0,2009
584,Idaho,21.0,8.0,2.0,81.0,29.0,49.0,27.0,9.0,226.0,2009
585,Illinois,56.0,75.0,10.0,240.0,210.0,181.0,139.0,0.0,911.0,2009
586,Indiana,53.0,24.0,0.0,0.0,112.0,173.0,331.0,0.0,693.0,2009
587,Iowa,29.0,18.0,0.0,90.0,49.0,91.0,94.0,0.0,371.0,2009
588,Kansas,33.0,0.0,4.0,108.0,79.0,69.0,93.0,0.0,386.0,2009
589,Kentucky,60.0,25.0,4.0,166.0,119.0,275.0,141.0,1.0,791.0,2009
590,Louisiana,51.0,85.0,4.0,128.0,164.0,249.0,105.0,38.0,824.0,2009
591,Maine,10.0,0.0,0.0,33.0,45.0,35.0,36.0,0.0,159.0,2009
592,Maryland,3.0,58.0,44.0,144.0,127.0,117.0,51.0,5.0,549.0,2009
593,Massachusetts,4.0,65.0,94.0,5.0,31.0,4.0,137.0,0.0,340.0,2009
594,Michigan,28.0,38.0,33.0,232.0,211.0,200.0,129.0,1.0,872.0,2009
595,Minnesota,17.0,12.0,13.0,99.0,111.0,107.0,61.0,1.0,421.0,2009
596,Mississippi,40.0,30.0,14.0,108.0,16.0,348.0,141.0,3.0,700.0,2009
597,Missouri,29.0,66.0,80.0,175.0,174.0,224.0,130.0,0.0,878.0,2009
598,Montana,39.0,1.0,0.0,69.0,47.0,35.0,29.0,1.0,221.0,2009
599,Nebraska,19.0,2.0,2.0,66.0,41.0,39.0,54.0,0.0,223.0,2009
600,Nevada,31.0,16.0,4.0,64.0,67.0,32.0,27.0,2.0,243.0,2009
601,New Hampshire,13.0,0.0,0.0,0.0,5.0,40.0,52.0,0.0,110.0,2009
602,New Jersey,2.0,46.0,57.0,202.0,132.0,64.0,81.0,0.0,584.0,2009
603,New Mexico,73.0,4.0,3.0,266.0,4.0,6.0,2.0,3.0,361.0,2009
604,New York,59.0,14.0,19.0,483.0,133.0,127.0,320.0,3.0,1158.0,2009
605,North Carolina,57.0,30.0,25.0,328.0,41.0,488.0,344.0,0.0,1313.0,2009
606,North Dakota,13.0,1.0,0.0,54.0,17.0,22.0,33.0,0.0,140.0,2009
607,Ohio,50.0,53.0,29.0,167.0,151.0,336.0,228.0,8.0,1022.0,2009
608,Oklahoma,51.0,47.0,23.0,154.0,165.0,190.0,101.0,6.0,737.0,2009
609,Oregon,38.0,3.0,0.0,128.0,71.0,98.0,38.0,1.0,377.0,2009
610,Pennsylvania,38.0,56.0,28.0,328.0,301.0,264.0,241.0,0.0,1256.0,2009
611,Rhode Island,3.0,9.0,9.0,33.0,8.0,4.0,16.0,1.0,83.0,2009
612,South Carolina,85.0,9.0,0.0,220.0,183.0,395.0,0.0,2.0,894.0,2009
613,South Dakota,20.0,2.0,0.0,29.0,22.0,41.0,17.0,0.0,131.0,2009
614,Tennessee,56.0,69.0,8.0,223.0,229.0,246.0,155.0,0.0,986.0,2009
615,Texas,152.0,254.0,190.0,596.0,455.0,607.0,834.0,16.0,3104.0,2009
616,USA,2045.0,2049.0,1321.0,8657.0,5786.0,7068.0,6724.0,233.0,33883.0,2009
617,Utah,44.0,24.0,2.0,71.0,56.0,4.0,43.0,0.0,244.0,2009
618,Vermont,7.0,1.0,3.0,17.0,10.0,17.0,18.0,1.0,74.0,2009
619,Virginia,48.0,58.0,10.0,175.0,180.0,159.0,125.0,3.0,758.0,2009
620,Washington,23.0,28.0,5.0,198.0,66.0,110.0,29.0,33.0,492.0,2009
621,West Virginia,30.0,17.0,3.0,83.0,89.0,85.0,50.0,0.0,357.0,2009
622,Wisconsin,18.0,14.0,25.0,160.0,110.0,128.0,106.0,0.0,561.0,2009
623,Wyoming,26.0,9.0,0.0,36.0,11.0,38.0,14.0,0.0,134.0,2009
624,Alabama,50.0,43.0,71.0,132.0,150.0,152.0,254.0,10.0,862.0,2010
625,Alaska,18.0,9.0,1.0,6.0,6.0,9.0,6.0,1.0,56.0,2010
626,Arizona,103.0,45.0,25.0,200.0,123.0,152.0,111.0,0.0,759.0,2010
627,Arkansas,53.0,20.0,8.0,152.0,98.0,117.0,123.0,0.0,571.0,2010
628,California,158.0,235.0,262.0,979.0,409.0,376.0,301.0,0.0,2720.0,2010
629,Colorado,48.0,28.0,14.0,152.0,98.0,62.0,48.0,0.0,450.0,2010
630,Connecticut,5.0,65.0,25.0,57.0,62.0,53.0,53.0,0.0,320.0,2010
631,Delaware,0.0,3.0,0.0,33.0,18.0,25.0,22.0,0.0,101.0,2010
632,District of Columbia,0.0,3.0,0.0,0.0,0.0,0.0,21.0,0.0,24.0,2010
633,Florida,106.0,192.0,78.0,837.0,301.0,50.0,864.0,16.0,2444.0,2010
634,Georgia,71.0,97.0,9.0,290.0,300.0,250.0,180.0,50.0,1247.0,2010
635,Hawaii,3.0,7.0,3.0,38.0,26.0,24.0,11.0,1.0,113.0,2010
636,Idaho,28.0,9.0,3.0,54.0,33.0,51.0,21.0,10.0,209.0,2010
637,Illinois,49.0,81.0,4.0,272.0,208.0,166.0,146.0,1.0,927.0,2010
638,Indiana,44.0,18.0,0.0,0.0,134.0,205.0,353.0,0.0,754.0,2010
639,Iowa,46.0,11.0,2.0,81.0,80.0,77.0,93.0,0.0,390.0,2010
640,Kansas,43.0,0.0,2.0,152.0,64.0,83.0,86.0,1.0,431.0,2010
641,Kentucky,61.0,28.0,3.0,184.0,119.0,231.0,133.0,1.0,760.0,2010
642,Louisiana,53.0,88.0,4.0,117.0,164.0,190.0,105.0,0.0,721.0,2010
643,Maine,10.0,0.0,0.0,15.0,29.0,60.0,45.0,2.0,161.0,2010
644,Maryland,2.0,48.0,25.0,161.0,110.0,91.0,57.0,2.0,496.0,2010
645,Massachusetts,6.0,56.0,78.0,29.0,34.0,3.0,140.0,1.0,347.0,2010
646,Michigan,17.0,83.0,33.0,217.0,233.0,214.0,145.0,0.0,942.0,2010
647,Minnesota,23.0,10.0,2.0,85.0,134.0,112.0,45.0,0.0,411.0,2010
648,Mississippi,80.0,4.0,3.0,110.0,34.0,301.0,102.0,7.0,641.0,2010
649,Missouri,31.0,71.0,105.0,141.0,165.0,176.0,132.0,0.0,821.0,2010
650,Montana,32.0,0.0,0.0,60.0,40.0,36.0,19.0,2.0,189.0,2010
651,Nebraska,35.0,1.0,0.0,56.0,35.0,35.0,28.0,0.0,190.0,2010
652,Nevada,24.0,11.0,11.0,66.0,87.0,28.0,29.0,1.0,257.0,2010
653,New Hampshire,2.0,12.0,0.0,3.0,5.0,37.0,69.0,0.0,128.0,2010
654,New Jersey,8.0,60.0,63.0,151.0,116.0,70.0,86.0,2.0,556.0,2010
655,New Mexico,72.0,2.0,0.0,264.0,1.0,0.0,3.0,7.0,349.0,2010
656,New York,82.0,13.0,19.0,371.0,168.0,157.0,391.0,0.0,1201.0,2010
657,North Carolina,59.0,70.0,24.0,240.0,159.0,404.0,364.0,0.0,1320.0,2010
658,North Dakota,11.0,0.0,1.0,33.0,19.0,16.0,25.0,0.0,105.0,2010
659,Ohio,63.0,43.0,24.0,192.0,201.0,332.0,219.0,6.0,1080.0,2010
660,Oklahoma,37.0,34.0,13.0,111.0,110.0,200.0,163.0,0.0,668.0,2010
661,Oregon,14.0,13.0,0.0,129.0,62.0,75.0,23.0,1.0,317.0,2010
662,Pennsylvania,54.0,74.0,38.0,302.0,354.0,254.0,248.0,0.0,1324.0,2010
663,Rhode Island,1.0,10.0,6.0,20.0,12.0,4.0,14.0,0.0,67.0,2010
664,South Carolina,67.0,19.0,1.0,206.0,227.0,258.0,0.0,31.0,809.0,2010
665,South Dakota,21.0,2.0,1.0,41.0,28.0,29.0,18.0,0.0,140.0,2010
666,Tennessee,67.0,63.0,13.0,258.0,251.0,244.0,136.0,0.0,1032.0,2010
667,Texas,149.0,308.0,214.0,672.0,438.0,471.0,752.0,19.0,3023.0,2010
668,USA,2113.0,2124.0,1232.0,8280.0,5960.0,6383.0,6518.0,389.0,32999.0,2010
669,Utah,38.0,22.0,4.0,60.0,69.0,3.0,57.0,0.0,253.0,2010
670,Vermont,7.0,2.0,0.0,13.0,11.0,24.0,14.0,0.0,71.0,2010
671,Virginia,45.0,55.0,7.0,138.0,125.0,116.0,56.0,198.0,740.0,2010
672,Washington,25.0,22.0,14.0,126.0,112.0,100.0,45.0,16.0,460.0,2010
673,West Virginia,36.0,12.0,0.0,66.0,66.0,88.0,47.0,0.0,315.0,2010
674,Wisconsin,20.0,17.0,19.0,164.0,125.0,134.0,93.0,0.0,572.0,2010
675,Wyoming,36.0,5.0,0.0,44.0,7.0,38.0,22.0,3.0,155.0,2010
676,Alabama,48.0,53.0,146.0,102.0,172.0,258.0,114.0,2.0,895.0,2011
677,Alaska,17.0,4.0,3.0,13.0,7.0,14.0,11.0,3.0,72.0,2011
678,Arizona,114.0,38.0,26.0,194.0,147.0,165.0,139.0,3.0,826.0,2011
679,Arkansas,39.0,40.0,7.0,136.0,83.0,120.0,125.0,1.0,551.0,2011
680,California,120.0,260.0,285.0,1020.0,458.0,422.0,251.0,0.0,2816.0,2011
681,Colorado,29.0,37.0,7.0,166.0,96.0,69.0,43.0,0.0,447.0,2011
682,Connecticut,2.0,34.0,30.0,40.0,49.0,31.0,34.0,1.0,221.0,2011
683,Delaware,0.0,5.0,1.0,32.0,19.0,25.0,17.0,0.0,99.0,2011
684,District of Columbia,0.0,2.0,1.0,0.0,0.0,0.0,24.0,0.0,27.0,2011
685,Florida,108.0,184.0,61.0,693.0,408.0,35.0,899.0,12.0,2400.0,2011
686,Georgia,78.0,88.0,14.0,268.0,323.0,245.0,171.0,39.0,1226.0,2011
687,Hawaii,0.0,7.0,4.0,30.0,23.0,17.0,19.0,0.0,100.0,2011
688,Idaho,19.0,3.0,3.0,53.0,21.0,34.0,29.0,5.0,167.0,2011
689,Illinois,36.0,69.0,10.0,224.0,214.0,222.0,142.0,1.0,918.0,2011
690,Indiana,55.0,35.0,0.0,0.0,107.0,235.0,319.0,0.0,751.0,2011
691,Iowa,32.0,9.0,0.0,84.0,48.0,90.0,97.0,0.0,360.0,2011
692,Kansas,42.0,0.0,1.0,122.0,67.0,76.0,78.0,0.0,386.0,2011
693,Kentucky,45.0,17.0,2.0,176.0,98.0,257.0,125.0,0.0,720.0,2011
694,Louisiana,33.0,60.0,3.0,155.0,125.0,180.0,124.0,0.0,680.0,2011
695,Maine,4.0,0.0,0.0,12.0,50.0,5.0,65.0,0.0,136.0,2011
696,Maryland,1.0,63.0,41.0,144.0,90.0,93.0,49.0,4.0,485.0,2011
697,Massachusetts,4.0,49.0,50.0,56.0,47.0,10.0,146.0,12.0,374.0,2011
698,Michigan,28.0,72.0,29.0,242.0,219.0,182.0,112.0,5.0,889.0,2011
699,Minnesota,11.0,21.0,11.0,89.0,93.0,100.0,43.0,0.0,368.0,2011
700,Mississippi,71.0,2.0,11.0,112.0,24.0,313.0,97.0,0.0,630.0,2011
701,Missouri,38.0,59.0,51.0,155.0,146.0,222.0,114.0,1.0,786.0,2011
702,Montana,35.0,0.0,0.0,79.0,37.0,24.0,30.0,4.0,209.0,2011
703,Nebraska,27.0,3.0,0.0,52.0,34.0,23.0,42.0,0.0,181.0,2011
704,Nevada,25.0,10.0,7.0,68.0,75.0,15.0,40.0,6.0,246.0,2011
705,New Hampshire,7.0,6.0,0.0,9.0,1.0,29.0,38.0,0.0,90.0,2011
706,New Jersey,7.0,67.0,59.0,197.0,141.0,56.0,97.0,3.0,627.0,2011
707,New Mexico,76.0,4.0,2.0,215.0,5.0,1.0,26.0,21.0,350.0,2011
708,New York,54.0,58.0,21.0,320.0,189.0,125.0,404.0,0.0,1171.0,2011
709,North Carolina,72.0,34.0,25.0,248.0,215.0,298.0,337.0,1.0,1230.0,2011
710,North Dakota,5.0,3.0,0.0,55.0,30.0,19.0,36.0,0.0,148.0,2011
711,Ohio,49.0,63.0,23.0,185.0,159.0,339.0,199.0,0.0,1017.0,2011
712,Oklahoma,53.0,29.0,8.0,134.0,107.0,168.0,197.0,0.0,696.0,2011
713,Oregon,19.0,9.0,0.0,116.0,72.0,80.0,35.0,0.0,331.0,2011
714,Pennsylvania,56.0,81.0,31.0,334.0,313.0,232.0,239.0,0.0,1286.0,2011
715,Rhode Island,0.0,8.0,7.0,27.0,5.0,2.0,17.0,0.0,66.0,2011
716,South Carolina,81.0,38.0,10.0,168.0,182.0,240.0,52.0,57.0,828.0,2011
717,South Dakota,20.0,1.0,0.0,22.0,24.0,28.0,16.0,0.0,111.0,2011
718,Tennessee,52.0,59.0,18.0,209.0,233.0,227.0,139.0,0.0,937.0,2011
719,Texas,156.0,310.0,223.0,711.0,402.0,461.0,763.0,28.0,3054.0,2011
720,USA,1969.0,2159.0,1277.0,8192.0,5847.0,6308.0,6423.0,304.0,32479.0,2011
721,Utah,38.0,26.0,2.0,58.0,54.0,4.0,61.0,0.0,243.0,2011
722,Vermont,5.0,1.0,0.0,13.0,8.0,20.0,8.0,0.0,55.0,2011
723,Virginia,54.0,58.0,13.0,245.0,134.0,126.0,54.0,80.0,764.0,2011
724,Washington,31.0,33.0,12.0,124.0,93.0,104.0,42.0,15.0,454.0,2011
725,West Virginia,29.0,15.0,1.0,85.0,67.0,91.0,50.0,0.0,338.0,2011
726,Wisconsin,14.0,22.0,16.0,161.0,123.0,147.0,99.0,0.0,582.0,2011
727,Wyoming,30.0,10.0,2.0,39.0,10.0,29.0,15.0,0.0,135.0,2011
728,Alabama,43.0,50.0,71.0,146.0,218.0,221.0,111.0,5.0,865.0,2012
729,Alaska,21.0,2.0,5.0,6.0,9.0,12.0,4.0,0.0,59.0,2012
730,Arizona,104.0,47.0,31.0,201.0,151.0,140.0,132.0,15.0,821.0,2012
731,Arkansas,30.0,24.0,9.0,157.0,115.0,119.0,87.0,19.0,560.0,2012
732,California,141.0,237.0,267.0,1015.0,637.0,447.0,221.0,1.0,2966.0,2012
733,Colorado,46.0,20.0,20.0,174.0,91.0,81.0,42.0,0.0,474.0,2012
734,Connecticut,15.0,42.0,18.0,50.0,46.0,25.0,67.0,1.0,264.0,2012
735,Delaware,0.0,9.0,0.0,41.0,12.0,23.0,28.0,1.0,114.0,2012
736,District of Columbia,0.0,1.0,0.0,0.0,0.0,0.0,14.0,0.0,15.0,2012
737,Florida,29.0,275.0,50.0,812.0,291.0,33.0,938.0,3.0,2431.0,2012
738,Georgia,65.0,96.0,14.0,259.0,310.0,249.0,199.0,0.0,1192.0,2012
739,Hawaii,0.0,9.0,2.0,33.0,36.0,32.0,13.0,0.0,125.0,2012
740,Idaho,22.0,5.0,3.0,49.0,22.0,55.0,13.0,15.0,184.0,2012
741,Illinois,51.0,59.0,19.0,236.0,208.0,208.0,173.0,2.0,956.0,2012
742,Indiana,59.0,26.0,0.0,0.0,133.0,218.0,345.0,0.0,781.0,2012
743,Iowa,25.0,9.0,1.0,89.0,53.0,86.0,102.0,0.0,365.0,2012
744,Kansas,59.0,2.0,0.0,110.0,88.0,67.0,79.0,0.0,405.0,2012
745,Kentucky,47.0,24.0,4.0,172.0,98.0,266.0,135.0,0.0,746.0,2012
746,Louisiana,38.0,69.0,2.0,147.0,160.0,225.0,80.0,2.0,723.0,2012
747,Maine,3.0,0.0,0.0,25.0,57.0,0.0,79.0,0.0,164.0,2012
748,Maryland,1.0,65.0,33.0,138.0,113.0,98.0,57.0,6.0,511.0,2012
749,Massachusetts,2.0,31.0,58.0,66.0,30.0,4.0,165.0,27.0,383.0,2012
750,Michigan,14.0,79.0,21.0,228.0,248.0,200.0,142.0,8.0,940.0,2012
751,Minnesota,14.0,7.0,9.0,87.0,120.0,110.0,47.0,1.0,395.0,2012
752,Mississippi,35.0,4.0,26.0,116.0,88.0,236.0,76.0,1.0,582.0,2012
753,Missouri,33.0,61.0,32.0,220.0,163.0,208.0,105.0,4.0,826.0,2012
754,Montana,35.0,3.0,0.0,51.0,32.0,55.0,25.0,4.0,205.0,2012
755,Nebraska,18.0,5.0,1.0,63.0,44.0,25.0,56.0,0.0,212.0,2012
756,Nevada,18.0,16.0,5.0,83.0,57.0,16.0,64.0,2.0,261.0,2012
757,New Hampshire,7.0,6.0,0.0,18.0,4.0,27.0,46.0,0.0,108.0,2012
758,New Jersey,4.0,66.0,43.0,196.0,141.0,54.0,83.0,2.0,589.0,2012
759,New Mexico,71.0,10.0,1.0,133.0,30.0,9.0,47.0,65.0,366.0,2012
760,New York,45.0,31.0,10.0,376.0,188.0,121.0,409.0,0.0,1180.0,2012
761,North Carolina,54.0,31.0,26.0,276.0,375.0,207.0,327.0,3.0,1299.0,2012
762,North Dakota,8.0,7.0,0.0,64.0,27.0,38.0,26.0,0.0,170.0,2012
763,Ohio,44.0,72.0,16.0,217.0,196.0,345.0,230.0,1.0,1121.0,2012
764,Oklahoma,47.0,43.0,12.0,138.0,118.0,185.0,166.0,0.0,709.0,2012
765,Oregon,24.0,1.0,1.0,134.0,75.0,72.0,30.0,0.0,337.0,2012
766,Pennsylvania,61.0,64.0,43.0,326.0,309.0,274.0,233.0,0.0,1310.0,2012
767,Rhode Island,2.0,10.0,6.0,14.0,5.0,1.0,26.0,0.0,64.0,2012
768,South Carolina,68.0,29.0,4.0,199.0,188.0,283.0,45.0,47.0,863.0,2012
769,South Dakota,18.0,1.0,0.0,26.0,30.0,39.0,19.0,0.0,133.0,2012
770,Tennessee,56.0,65.0,4.0,247.0,243.0,249.0,151.0,0.0,1015.0,2012
771,Texas,184.0,327.0,246.0,813.0,426.0,536.0,860.0,16.0,3408.0,2012
772,USA,1835.0,2150.0,1150.0,8757.0,6547.0,6414.0,6647.0,282.0,33782.0,2012
773,Utah,24.0,23.0,3.0,46.0,62.0,0.0,59.0,0.0,217.0,2012
774,Vermont,8.0,1.0,1.0,15.0,17.0,22.0,13.0,0.0,77.0,2012
775,Virginia,48.0,43.0,6.0,290.0,149.0,153.0,66.0,21.0,776.0,2012
776,Washington,23.0,18.0,10.0,138.0,99.0,102.0,42.0,6.0,438.0,2012
777,West Virginia,30.0,9.0,1.0,90.0,76.0,87.0,45.0,1.0,339.0,2012
778,Wisconsin,18.0,11.0,16.0,180.0,145.0,134.0,111.0,0.0,615.0,2012
779,Wyoming,23.0,5.0,0.0,47.0,14.0,17.0,14.0,3.0,123.0,2012
780,Alabama,51.0,48.0,5.0,218.0,205.0,212.0,108.0,6.0,853.0,2013
781,Alaska,13.0,5.0,3.0,8.0,6.0,10.0,6.0,0.0,51.0,2013
782,Arizona,85.0,56.0,44.0,237.0,155.0,157.0,109.0,6.0,849.0,2013
783,Arkansas,36.0,24.0,4.0,117.0,86.0,105.0,125.0,1.0,498.0,2013
784,California,133.0,244.0,323.0,1105.0,628.0,441.0,233.0,0.0,3107.0,2013
785,Colorado,55.0,46.0,12.0,178.0,87.0,58.0,46.0,0.0,482.0,2013
786,Connecticut,21.0,19.0,18.0,61.0,71.0,30.0,65.0,1.0,286.0,2013
787,Delaware,0.0,6.0,3.0,40.0,14.0,24.0,11.0,1.0,99.0,2013
788,District of Columbia,0.0,3.0,0.0,0.0,0.0,0.0,17.0,0.0,20.0,2013
789,Florida,162.0,113.0,12.0,859.0,98.0,6.0,1151.0,2.0,2403.0,2013
790,Georgia,71.0,112.0,12.0,238.0,329.0,232.0,182.0,4.0,1180.0,2013
791,Hawaii,2.0,5.0,10.0,29.0,24.0,14.0,18.0,0.0,102.0,2013
792,Idaho,29.0,0.0,3.0,58.0,38.0,51.0,21.0,14.0,214.0,2013
793,Illinois,61.0,65.0,3.0,271.0,249.0,208.0,134.0,0.0,991.0,2013
794,Indiana,69.0,29.0,0.0,1.0,135.0,198.0,352.0,0.0,784.0,2013
795,Iowa,29.0,9.0,2.0,72.0,59.0,81.0,63.0,2.0,317.0,2013
796,Kansas,25.0,20.0,2.0,104.0,56.0,69.0,74.0,0.0,350.0,2013
797,Kentucky,45.0,27.0,2.0,132.0,78.0,241.0,113.0,0.0,638.0,2013
798,Louisiana,49.0,66.0,5.0,121.0,176.0,183.0,101.0,2.0,703.0,2013
799,Maine,7.0,1.0,0.0,22.0,37.0,3.0,74.0,0.0,144.0,2013
800,Maryland,1.0,53.0,22.0,140.0,108.0,82.0,55.0,4.0,465.0,2013
801,Massachusetts,4.0,49.0,20.0,72.0,76.0,18.0,109.0,3.0,351.0,2013
802,Michigan,19.0,84.0,27.0,269.0,225.0,190.0,129.0,4.0,947.0,2013
803,Minnesota,15.0,10.0,6.0,95.0,128.0,87.0,42.0,4.0,387.0,2013
804,Mississippi,69.0,2.0,7.0,240.0,33.0,111.0,149.0,2.0,613.0,2013
805,Missouri,26.0,65.0,28.0,168.0,140.0,194.0,136.0,0.0,757.0,2013
806,Montana,38.0,0.0,0.0,72.0,38.0,46.0,31.0,4.0,229.0,2013
807,Nebraska,20.0,2.0,1.0,61.0,34.0,17.0,67.0,9.0,211.0,2013
808,Nevada,19.0,17.0,10.0,90.0,89.0,16.0,21.0,4.0,266.0,2013
809,New Hampshire,3.0,8.0,0.0,29.0,4.0,35.0,56.0,0.0,135.0,2013
810,New Jersey,9.0,45.0,51.0,158.0,136.0,63.0,80.0,0.0,542.0,2013
811,New Mexico,55.0,19.0,4.0,119.0,29.0,40.0,43.0,2.0,311.0,2013
812,New York,65.0,13.0,12.0,409.0,116.0,47.0,540.0,0.0,1202.0,2013
813,North Carolina,42.0,39.0,31.0,261.0,373.0,206.0,333.0,5.0,1290.0,2013
814,North Dakota,8.0,1.0,0.0,52.0,29.0,23.0,35.0,0.0,148.0,2013
815,Ohio,35.0,70.0,17.0,177.0,173.0,301.0,210.0,6.0,989.0,2013
816,Oklahoma,53.0,31.0,9.0,160.0,142.0,183.0,100.0,0.0,678.0,2013
817,Oregon,10.0,11.0,3.0,124.0,62.0,82.0,21.0,0.0,313.0,2013
818,Pennsylvania,66.0,52.0,33.0,302.0,294.0,245.0,218.0,0.0,1210.0,2013
819,Rhode Island,0.0,10.0,9.0,24.0,8.0,2.0,11.0,1.0,65.0,2013
820,South Carolina,35.0,28.0,3.0,175.0,202.0,226.0,54.0,44.0,767.0,2013
821,South Dakota,19.0,2.0,0.0,37.0,25.0,27.0,24.0,1.0,135.0,2013
822,Tennessee,71.0,88.0,7.0,244.0,208.0,251.0,126.0,0.0,995.0,2013
823,Texas,202.0,364.0,256.0,785.0,480.0,519.0,781.0,2.0,3389.0,2013
824,USA,1994.0,2101.0,1061.0,8757.0,6230.0,5861.0,6733.0,156.0,32893.0,2013
825,Utah,35.0,22.0,0.0,55.0,42.0,2.0,64.0,0.0,220.0,2013
826,Vermont,2.0,2.0,0.0,14.0,14.0,22.0,15.0,0.0,69.0,2013
827,Virginia,53.0,52.0,9.0,165.0,188.0,172.0,91.0,10.0,740.0,2013
828,Washington,18.0,26.0,19.0,123.0,86.0,104.0,51.0,9.0,436.0,2013
829,West Virginia,29.0,16.0,0.0,69.0,84.0,88.0,46.0,0.0,332.0,2013
830,Wisconsin,12.0,19.0,14.0,167.0,123.0,120.0,85.0,3.0,543.0,2013
831,Wyoming,18.0,3.0,0.0,30.0,10.0,19.0,7.0,0.0,87.0,2013
832,Alabama,44.0,58.0,3.0,201.0,164.0,228.0,117.0,5.0,820.0,2014
833,Alaska,15.0,7.0,0.0,13.0,11.0,18.0,8.0,1.0,73.0,2014
834,Arizona,60.0,42.0,26.0,253.0,167.0,128.0,92.0,5.0,773.0,2014
835,Arkansas,33.0,26.0,11.0,121.0,86.0,100.0,92.0,1.0,470.0,2014
836,California,150.0,301.0,305.0,1082.0,610.0,439.0,208.0,7.0,3102.0,2014
837,Colorado,43.0,33.0,21.0,191.0,84.0,67.0,49.0,0.0,488.0,2014
838,Connecticut,6.0,36.0,25.0,61.0,66.0,23.0,31.0,0.0,248.0,2014
839,Delaware,1.0,6.0,2.0,38.0,23.0,29.0,25.0,0.0,124.0,2014
840,District of Columbia,0.0,3.0,1.0,0.0,0.0,0.0,19.0,0.0,23.0,2014
841,Florida,46.0,171.0,84.0,820.0,358.0,15.0,999.0,1.0,2494.0,2014
842,Georgia,42.0,109.0,10.0,251.0,327.0,246.0,179.0,0.0,1164.0,2014
843,Hawaii,1.0,4.0,1.0,28.0,34.0,14.0,13.0,0.0,95.0,2014
844,Idaho,23.0,0.0,4.0,65.0,24.0,35.0,12.0,23.0,186.0,2014
845,Illinois,50.0,67.0,6.0,268.0,204.0,177.0,144.0,8.0,924.0,2014
846,Indiana,51.0,32.0,2.0,142.0,160.0,192.0,166.0,0.0,745.0,2014
847,Iowa,20.0,8.0,0.0,97.0,58.0,85.0,54.0,0.0,322.0,2014
848,Kansas,18.0,14.0,8.0,118.0,87.0,57.0,83.0,0.0,385.0,2014
849,Kentucky,36.0,15.0,3.0,154.0,88.0,255.0,121.0,0.0,672.0,2014
850,Louisiana,47.0,67.0,7.0,143.0,154.0,208.0,111.0,3.0,740.0,2014
851,Maine,3.0,1.0,0.0,37.0,32.0,32.0,21.0,5.0,131.0,2014
852,Maryland,0.0,54.0,28.0,138.0,101.0,79.0,41.0,1.0,442.0,2014
853,Massachusetts,4.0,61.0,8.0,87.0,59.0,31.0,104.0,0.0,354.0,2014
854,Michigan,21.0,74.0,27.0,241.0,225.0,174.0,137.0,2.0,901.0,2014
855,Minnesota,19.0,16.0,5.0,89.0,111.0,81.0,39.0,1.0,361.0,2014
856,Mississippi,62.0,3.0,0.0,343.0,0.0,1.0,197.0,1.0,607.0,2014
857,Missouri,37.0,71.0,14.0,186.0,177.0,181.0,99.0,1.0,766.0,2014
858,Montana,34.0,0.0,0.0,57.0,26.0,46.0,28.0,1.0,192.0,2014
859,Nebraska,22.0,6.0,1.0,62.0,38.0,29.0,61.0,6.0,225.0,2014
860,Nevada,17.0,20.0,21.0,77.0,77.0,33.0,35.0,11.0,291.0,2014
861,New Hampshire,7.0,3.0,1.0,18.0,16.0,23.0,27.0,0.0,95.0,2014
862,New Jersey,3.0,60.0,46.0,173.0,145.0,57.0,68.0,4.0,556.0,2014
863,New Mexico,76.0,12.0,0.0,134.0,53.0,60.0,32.0,19.0,386.0,2014
864,New York,30.0,43.0,51.0,269.0,144.0,49.0,455.0,0.0,1041.0,2014
865,North Carolina,69.0,42.0,16.0,277.0,441.0,132.0,304.0,3.0,1284.0,2014
866,North Dakota,10.0,3.0,0.0,50.0,21.0,22.0,29.0,0.0,135.0,2014
867,Ohio,33.0,76.0,21.0,175.0,188.0,336.0,170.0,7.0,1006.0,2014
868,Oklahoma,42.0,35.0,11.0,172.0,112.0,187.0,110.0,0.0,669.0,2014
869,Oregon,26.0,13.0,3.0,137.0,63.0,86.0,29.0,0.0,357.0,2014
870,Pennsylvania,48.0,69.0,37.0,295.0,290.0,212.0,244.0,0.0,1195.0,2014
871,Rhode Island,2.0,4.0,8.0,12.0,8.0,1.0,16.0,0.0,51.0,2014
872,South Carolina,88.0,29.0,9.0,174.0,209.0,231.0,29.0,54.0,823.0,2014
873,South Dakota,8.0,1.0,0.0,44.0,24.0,35.0,21.0,3.0,136.0,2014
874,Tennessee,51.0,87.0,11.0,267.0,188.0,207.0,151.0,1.0,963.0,2014
875,Texas,207.0,404.0,242.0,827.0,445.0,563.0,837.0,11.0,3536.0,2014
876,USA,1762.0,2332.0,1125.0,8995.0,6385.0,5721.0,6151.0,273.0,32744.0,2014
877,Utah,37.0,30.0,7.0,86.0,29.0,14.0,52.0,1.0,256.0,2014
878,Vermont,4.0,1.0,3.0,9.0,10.0,10.0,7.0,0.0,44.0,2014
879,Virginia,37.0,54.0,5.0,156.0,183.0,178.0,82.0,8.0,703.0,2014
880,Washington,12.0,27.0,20.0,109.0,87.0,94.0,35.0,78.0,462.0,2014
881,West Virginia,19.0,20.0,0.0,65.0,50.0,79.0,39.0,0.0,272.0,2014
882,Wisconsin,16.0,9.0,10.0,136.0,117.0,124.0,93.0,1.0,506.0,2014
883,Wyoming,32.0,5.0,1.0,47.0,11.0,18.0,36.0,0.0,150.0,2014
884,Alabama,54.0,45.0,3.0,226.0,202.0,216.0,104.0,0.0,850.0,2015
885,Alaska,15.0,11.0,0.0,14.0,6.0,14.0,4.0,1.0,65.0,2015
886,Arizona,86.0,52.0,33.0,313.0,190.0,119.0,100.0,4.0,897.0,2015
887,Arkansas,43.0,38.0,29.0,141.0,106.0,109.0,81.0,3.0,550.0,2015
888,California,151.0,291.0,806.0,894.0,627.0,448.0,169.0,1.0,3387.0,2015
889,Colorado,46.0,48.0,25.0,201.0,105.0,73.0,47.0,2.0,547.0,2015
890,Connecticut,7.0,48.0,27.0,52.0,70.0,32.0,31.0,3.0,270.0,2015
891,Delaware,0.0,8.0,3.0,44.0,23.0,34.0,19.0,0.0,131.0,2015
892,District of Columbia,0.0,1.0,0.0,0.0,0.0,0.0,22.0,0.0,23.0,2015
893,Florida,107.0,174.0,128.0,1186.0,203.0,18.0,1015.0,107.0,2938.0,2015
894,Georgia,59.0,138.0,20.0,363.0,364.0,256.0,232.0,0.0,1432.0,2015
895,Hawaii,0.0,6.0,0.0,58.0,27.0,1.0,1.0,0.0,93.0,2015
896,Idaho,35.0,6.0,6.0,60.0,31.0,35.0,43.0,0.0,216.0,2015
897,Illinois,47.0,76.0,11.0,279.0,252.0,186.0,147.0,0.0,998.0,2015
898,Indiana,56.0,39.0,9.0,182.0,143.0,195.0,193.0,0.0,817.0,2015
899,Iowa,21.0,14.0,1.0,94.0,65.0,72.0,53.0,0.0,320.0,2015
900,Kansas,20.0,14.0,18.0,134.0,46.0,47.0,76.0,0.0,355.0,2015
901,Kentucky,51.0,22.0,51.0,142.0,95.0,291.0,108.0,1.0,761.0,2015
902,Louisiana,38.0,62.0,7.0,170.0,168.0,186.0,114.0,7.0,752.0,2015
903,Maine,5.0,0.0,2.0,39.0,27.0,53.0,30.0,0.0,156.0,2015
904,Maryland,10.0,51.0,21.0,160.0,108.0,86.0,67.0,17.0,520.0,2015
905,Massachusetts,2.0,50.0,9.0,120.0,83.0,30.0,49.0,1.0,344.0,2015
906,Michigan,36.0,45.0,38.0,259.0,237.0,190.0,152.0,10.0,967.0,2015
907,Minnesota,14.0,15.0,8.0,92.0,130.0,103.0,47.0,2.0,411.0,2015
908,Mississippi,35.0,41.0,8.0,158.0,268.0,70.0,97.0,0.0,677.0,2015
909,Missouri,48.0,79.0,63.0,212.0,141.0,203.0,123.0,1.0,870.0,2015
910,Montana,29.0,2.0,1.0,69.0,32.0,47.0,43.0,1.0,224.0,2015
911,Nebraska,19.0,3.0,10.0,77.0,65.0,16.0,56.0,0.0,246.0,2015
912,Nevada,26.0,24.0,18.0,107.0,86.0,28.0,31.0,6.0,326.0,2015
913,New Hampshire,3.0,10.0,1.0,28.0,22.0,24.0,26.0,0.0,114.0,2015
914,New Jersey,6.0,50.0,56.0,169.0,133.0,81.0,62.0,4.0,561.0,2015
915,New Mexico,48.0,22.0,12.0,91.0,26.0,40.0,46.0,13.0,298.0,2015
916,New York,34.0,49.0,55.0,308.0,140.0,75.0,475.0,0.0,1136.0,2015
917,North Carolina,55.0,63.0,81.0,652.0,73.0,127.0,327.0,1.0,1379.0,2015
918,North Dakota,12.0,4.0,3.0,43.0,26.0,25.0,18.0,0.0,131.0,2015
919,Ohio,25.0,100.0,48.0,182.0,246.0,332.0,172.0,5.0,1110.0,2015
920,Oklahoma,37.0,48.0,14.0,146.0,124.0,154.0,122.0,0.0,645.0,2015
921,Oregon,23.0,12.0,2.0,156.0,95.0,128.0,29.0,1.0,446.0,2015
922,Pennsylvania,51.0,70.0,27.0,280.0,264.0,159.0,288.0,61.0,1200.0,2015
923,Rhode Island,1.0,9.0,7.0,12.0,6.0,0.0,10.0,0.0,45.0,2015
924,South Carolina,81.0,42.0,43.0,258.0,365.0,117.0,73.0,0.0,979.0,2015
925,South Dakota,22.0,6.0,4.0,35.0,21.0,28.0,18.0,0.0,134.0,2015
926,Tennessee,55.0,87.0,13.0,238.0,225.0,214.0,128.0,2.0,962.0,2015
927,Texas,235.0,396.0,278.0,1063.0,728.0,621.0,250.0,11.0,3582.0,2015
928,USA,1934.0,2526.0,2121.0,10168.0,6911.0,5910.0,5626.0,288.0,35484.0,2015
929,Utah,38.0,30.0,14.0,82.0,38.0,45.0,27.0,4.0,278.0,2015
930,Vermont,4.0,4.0,0.0,16.0,5.0,17.0,11.0,0.0,57.0,2015
931,Virginia,57.0,49.0,23.0,177.0,174.0,171.0,90.0,13.0,754.0,2015
932,Washington,22.0,42.0,69.0,122.0,97.0,139.0,57.0,3.0,551.0,2015
933,West Virginia,21.0,11.0,5.0,48.0,66.0,85.0,32.0,0.0,268.0,2015
934,Wisconsin,20.0,15.0,10.0,170.0,125.0,142.0,83.0,1.0,566.0,2015
935,Wyoming,24.0,4.0,1.0,46.0,12.0,28.0,28.0,2.0,145.0,2015
936,Alabama,83.0,59.0,3.0,300.0,244.0,242.0,152.0,0.0,1083.0,2016
937,Alaska,17.0,10.0,0.0,11.0,15.0,19.0,11.0,1.0,84.0,2016
938,Arizona,84.0,51.0,46.0,332.0,192.0,131.0,111.0,5.0,952.0,2016
939,Arkansas,37.0,30.0,12.0,180.0,117.0,105.0,80.0,0.0,561.0,2016
940,California,220.0,348.0,569.0,1101.0,814.0,572.0,213.0,0.0,3837.0,2016
941,Colorado,57.0,42.0,23.0,233.0,112.0,95.0,46.0,0.0,608.0,2016
942,Connecticut,2.0,49.0,18.0,73.0,76.0,36.0,44.0,6.0,304.0,2016
943,Delaware,0.0,6.0,9.0,35.0,23.0,34.0,12.0,0.0,119.0,2016
944,District of Columbia,0.0,3.0,0.0,0.0,0.0,0.0,24.0,0.0,27.0,2016
945,Florida,139.0,202.0,129.0,1374.0,396.0,642.0,263.0,31.0,3176.0,2016
946,Georgia,64.0,146.0,15.0,392.0,418.0,311.0,210.0,0.0,1556.0,2016
947,Hawaii,0.0,4.0,0.0,80.0,30.0,4.0,1.0,1.0,120.0,2016
948,Idaho,39.0,11.0,2.0,71.0,32.0,52.0,33.0,13.0,253.0,2016
949,Illinois,60.0,94.0,9.0,305.0,255.0,191.0,162.0,2.0,1078.0,2016
950,Indiana,65.0,34.0,13.0,206.0,174.0,226.0,110.0,1.0,829.0,2016
951,Iowa,35.0,15.0,0.0,126.0,84.0,97.0,45.0,0.0,402.0,2016
952,Kansas,38.0,20.0,11.0,186.0,52.0,37.0,83.0,2.0,429.0,2016
953,Kentucky,61.0,42.0,18.0,186.0,117.0,303.0,106.0,1.0,834.0,2016
954,Louisiana,50.0,64.0,11.0,174.0,149.0,195.0,110.0,4.0,757.0,2016
955,Maine,3.0,0.0,2.0,44.0,34.0,38.0,36.0,3.0,160.0,2016
956,Maryland,12.0,56.0,22.0,171.0,109.0,74.0,72.0,6.0,522.0,2016
957,Massachusetts,3.0,62.0,14.0,118.0,100.0,35.0,55.0,0.0,387.0,2016
958,Michigan,24.0,81.0,40.0,278.0,295.0,220.0,122.0,5.0,1065.0,2016
959,Minnesota,14.0,22.0,8.0,92.0,136.0,79.0,40.0,1.0,392.0,2016
960,Mississippi,72.0,18.0,3.0,181.0,132.0,208.0,73.0,0.0,687.0,2016
961,Missouri,50.0,78.0,58.0,242.0,168.0,212.0,139.0,0.0,947.0,2016
962,Montana,34.0,3.0,0.0,55.0,26.0,42.0,29.0,1.0,190.0,2016
963,Nebraska,27.0,6.0,4.0,65.0,53.0,8.0,55.0,0.0,218.0,2016
964,Nevada,23.0,21.0,10.0,98.0,85.0,49.0,32.0,11.0,329.0,2016
965,New Hampshire,9.0,11.0,0.0,39.0,21.0,22.0,34.0,0.0,136.0,2016
966,New Jersey,8.0,55.0,65.0,199.0,136.0,64.0,71.0,4.0,602.0,2016
967,New Mexico,69.0,34.0,12.0,134.0,56.0,59.0,37.0,4.0,405.0,2016
968,New York,55.0,36.0,39.0,306.0,137.0,88.0,380.0,0.0,1041.0,2016
969,North Carolina,64.0,75.0,23.0,789.0,85.0,94.0,315.0,5.0,1450.0,2016
970,North Dakota,12.0,0.0,0.0,38.0,18.0,22.0,23.0,0.0,113.0,2016
971,Ohio,29.0,105.0,30.0,206.0,235.0,353.0,165.0,9.0,1132.0,2016
972,Oklahoma,41.0,47.0,20.0,188.0,136.0,166.0,88.0,1.0,687.0,2016
973,Oregon,23.0,24.0,7.0,193.0,104.0,118.0,29.0,0.0,498.0,2016
974,Pennsylvania,77.0,50.0,23.0,336.0,263.0,221.0,218.0,0.0,1188.0,2016
975,Rhode Island,1.0,9.0,4.0,18.0,4.0,2.0,13.0,0.0,51.0,2016
976,South Carolina,68.0,37.0,28.0,318.0,417.0,57.0,95.0,0.0,1020.0,2016
977,South Dakota,10.0,3.0,3.0,31.0,12.0,40.0,17.0,0.0,116.0,2016
978,Tennessee,57.0,105.0,17.0,269.0,236.0,225.0,124.0,4.0,1037.0,2016
979,Texas,224.0,469.0,298.0,1094.0,795.0,652.0,263.0,2.0,3797.0,2016
980,USA,2282.0,2799.0,1679.0,11558.0,7627.0,7056.0,4627.0,178.0,37806.0,2016
981,Utah,42.0,19.0,1.0,97.0,42.0,43.0,35.0,2.0,281.0,2016
982,Vermont,3.0,0.0,0.0,14.0,16.0,18.0,11.0,0.0,62.0,2016
983,Virginia,62.0,59.0,17.0,166.0,167.0,177.0,71.0,41.0,760.0,2016
984,Washington,32.0,38.0,29.0,145.0,109.0,132.0,47.0,4.0,536.0,2016
985,West Virginia,19.0,29.0,2.0,62.0,61.0,73.0,22.0,1.0,269.0,2016
986,Wisconsin,30.0,13.0,12.0,174.0,131.0,154.0,86.0,7.0,607.0,2016
987,Wyoming,34.0,4.0,0.0,33.0,8.0,19.0,14.0,0.0,112.0,2016
988,Alabama,69.0,54.0,4.0,256.0,219.0,246.0,100.0,0.0,948.0,2017
989,Alaska,20.0,8.0,0.0,18.0,10.0,12.0,10.0,1.0,79.0,2017
990,Arizona,77.0,65.0,46.0,346.0,203.0,145.0,108.0,8.0,998.0,2017
991,Arkansas,41.0,51.0,4.0,146.0,106.0,121.0,56.0,0.0,525.0,2017
992,California,156.0,346.0,527.0,1161.0,817.0,552.0,319.0,6.0,3884.0,2017
993,Colorado,43.0,60.0,24.0,238.0,128.0,86.0,67.0,2.0,648.0,2017
994,Connecticut,1.0,34.0,24.0,57.0,91.0,39.0,33.0,2.0,281.0,2017
995,Delaware,0.0,6.0,5.0,31.0,23.0,33.0,19.0,2.0,119.0,2017
996,District of Columbia,0.0,0.0,0.0,0.0,0.0,1.0,30.0,0.0,31.0,2017
997,Florida,112.0,182.0,101.0,1246.0,632.0,435.0,408.0,0.0,3116.0,2017
998,Georgia,64.0,162.0,22.0,407.0,397.0,293.0,195.0,0.0,1540.0,2017
999,Hawaii,0.0,4.0,0.0,64.0,28.0,5.0,6.0,0.0,107.0,2017
1000,Idaho,26.0,12.0,4.0,102.0,22.0,39.0,39.0,1.0,245.0,2017
1001,Illinois,60.0,99.0,11.0,294.0,284.0,230.0,109.0,3.0,1090.0,2017
1002,Indiana,53.0,34.0,16.0,258.0,212.0,201.0,140.0,2.0,916.0,2017
1003,Iowa,23.0,4.0,0.0,95.0,57.0,88.0,63.0,0.0,330.0,2017
1004,Kansas,33.0,26.0,12.0,176.0,49.0,38.0,126.0,1.0,461.0,2017
1005,Kentucky,45.0,32.0,14.0,173.0,167.0,221.0,129.0,1.0,782.0,2017
1006,Louisiana,47.0,68.0,9.0,159.0,174.0,184.0,127.0,2.0,770.0,2017
1007,Maine,7.0,6.0,1.0,42.0,36.0,52.0,27.0,2.0,173.0,2017
1008,Maryland,10.0,53.0,35.0,192.0,106.0,99.0,55.0,8.0,558.0,2017
1009,Massachusetts,2.0,44.0,13.0,106.0,88.0,38.0,56.0,0.0,347.0,2017
1010,Michigan,10.0,78.0,49.0,279.0,248.0,216.0,147.0,4.0,1031.0,2017
1011,Minnesota,13.0,20.0,4.0,100.0,113.0,67.0,40.0,1.0,358.0,2017
1012,Mississippi,40.0,37.0,4.0,211.0,164.0,169.0,60.0,0.0,685.0,2017
1013,Missouri,43.0,109.0,55.0,189.0,202.0,218.0,116.0,0.0,932.0,2017
1014,Montana,42.0,0.0,1.0,60.0,14.0,37.0,32.0,0.0,186.0,2017
1015,Nebraska,15.0,9.0,4.0,71.0,44.0,35.0,50.0,0.0,228.0,2017
1016,Nevada,17.0,23.0,6.0,104.0,96.0,24.0,34.0,7.0,311.0,2017
1017,New Hampshire,4.0,9.0,0.0,34.0,8.0,23.0,24.0,0.0,102.0,2017
1018,New Jersey,8.0,60.0,56.0,203.0,132.0,76.0,81.0,8.0,624.0,2017
1019,New Mexico,56.0,23.0,1.0,157.0,47.0,54.0,37.0,5.0,380.0,2017
1020,New York,54.0,22.0,33.0,283.0,112.0,65.0,437.0,0.0,1006.0,2017
1021,North Carolina,87.0,64.0,28.0,389.0,91.0,197.0,553.0,3.0,1412.0,2017
1022,North Dakota,7.0,2.0,2.0,43.0,8.0,19.0,32.0,3.0,116.0,2017
1023,Ohio,31.0,87.0,49.0,232.0,240.0,355.0,180.0,5.0,1179.0,2017
1024,Oklahoma,41.0,40.0,9.0,161.0,133.0,183.0,90.0,0.0,657.0,2017
1025,Oregon,17.0,21.0,3.0,184.0,91.0,93.0,30.0,0.0,439.0,2017
1026,Pennsylvania,80.0,46.0,41.0,324.0,229.0,204.0,211.0,2.0,1137.0,2017
1027,Rhode Island,3.0,12.0,8.0,29.0,7.0,1.0,24.0,0.0,84.0,2017
1028,South Carolina,76.0,30.0,25.0,322.0,414.0,44.0,78.0,0.0,989.0,2017
1029,South Dakota,14.0,4.0,6.0,30.0,25.0,33.0,17.0,0.0,129.0,2017
1030,Tennessee,62.0,92.0,11.0,297.0,230.0,207.0,124.0,1.0,1024.0,2017
1031,Texas,210.0,438.0,293.0,1107.0,731.0,666.0,274.0,13.0,3732.0,2017
1032,USA,1991.0,2762.0,1595.0,11194.0,7821.0,6775.0,5209.0,126.0,37473.0,2017
1033,Utah,23.0,22.0,1.0,107.0,47.0,43.0,27.0,3.0,273.0,2017
1034,Vermont,8.0,1.0,3.0,11.0,18.0,16.0,12.0,0.0,69.0,2017
1035,Virginia,52.0,64.0,17.0,201.0,218.0,195.0,79.0,13.0,839.0,2017
1036,Washington,29.0,54.0,8.0,175.0,109.0,127.0,49.0,12.0,563.0,2017
1037,West Virginia,12.0,18.0,2.0,95.0,55.0,90.0,29.0,3.0,304.0,2017
1038,Wisconsin,24.0,20.0,4.0,188.0,133.0,146.0,96.0,2.0,613.0,2017
1039,Wyoming,24.0,7.0,0.0,41.0,13.0,14.0,24.0,0.0,123.0,2017
1040,Alabama,61.0,55.0,3.0,246.0,236.0,227.0,125.0,0.0,953.0,2018
1041,Alaska,19.0,10.0,0.0,20.0,12.0,17.0,2.0,0.0,80.0,2018
1042,Arizona,89.0,69.0,47.0,298.0,266.0,131.0,90.0,21.0,1011.0,2018
1043,Arkansas,30.0,48.0,1.0,191.0,82.0,75.0,93.0,0.0,520.0,2018
1044,California,135.0,422.0,579.0,1070.0,681.0,562.0,347.0,2.0,3798.0,2018
1045,Colorado,49.0,55.0,24.0,239.0,129.0,77.0,59.0,0.0,632.0,2018
1046,Connecticut,0.0,51.0,32.0,64.0,83.0,30.0,30.0,3.0,293.0,2018
1047,Delaware,0.0,8.0,13.0,30.0,15.0,30.0,15.0,0.0,111.0,2018
1048,District of Columbia,0.0,1.0,1.0,0.0,1.0,1.0,27.0,0.0,31.0,2018
1049,Florida,143.0,165.0,121.0,1223.0,663.0,464.0,356.0,0.0,3135.0,2018
1050,Georgia,38.0,167.0,17.0,369.0,426.0,295.0,193.0,0.0,1505.0,2018
1051,Hawaii,0.0,9.0,0.0,74.0,31.0,0.0,3.0,0.0,117.0,2018
1052,Idaho,29.0,14.0,0.0,84.0,38.0,35.0,34.0,0.0,234.0,2018
1053,Illinois,63.0,96.0,2.0,304.0,277.0,184.0,109.0,0.0,1035.0,2018
1054,Indiana,54.0,38.0,11.0,237.0,190.0,221.0,108.0,1.0,860.0,2018
1055,Iowa,31.0,10.0,0.0,104.0,56.0,69.0,49.0,0.0,319.0,2018
1056,Kansas,40.0,23.0,12.0,128.0,56.0,72.0,71.0,3.0,405.0,2018
1057,Kentucky,49.0,29.0,11.0,181.0,154.0,200.0,97.0,3.0,724.0,2018
1058,Louisiana,29.0,85.0,9.0,194.0,163.0,169.0,122.0,0.0,771.0,2018
1059,Maine,7.0,3.0,1.0,27.0,20.0,53.0,25.0,0.0,136.0,2018
1060,Maryland,2.0,70.0,20.0,173.0,109.0,70.0,60.0,8.0,512.0,2018
1061,Massachusetts,2.0,55.0,7.0,105.0,101.0,41.0,43.0,1.0,355.0,2018
1062,Michigan,19.0,79.0,38.0,274.0,245.0,206.0,115.0,1.0,977.0,2018
1063,Minnesota,10.0,21.0,8.0,79.0,130.0,87.0,43.0,3.0,381.0,2018
1064,Mississippi,41.0,47.0,0.0,193.0,135.0,168.0,79.0,0.0,663.0,2018
1065,Missouri,52.0,83.0,64.0,207.0,193.0,209.0,113.0,0.0,921.0,2018
1066,Montana,26.0,1.0,1.0,58.0,31.0,30.0,34.0,0.0,181.0,2018
1067,Nebraska,27.0,4.0,11.0,61.0,61.0,33.0,33.0,0.0,230.0,2018
1068,Nevada,20.0,22.0,7.0,124.0,95.0,23.0,35.0,3.0,329.0,2018
1069,New Hampshire,8.0,11.0,0.0,47.0,22.0,18.0,41.0,0.0,147.0,2018
1070,New Jersey,3.0,60.0,54.0,216.0,105.0,45.0,78.0,2.0,563.0,2018
1071,New Mexico,42.0,25.0,1.0,155.0,59.0,63.0,45.0,2.0,392.0,2018
1072,New York,37.0,24.0,38.0,306.0,112.0,40.0,407.0,0.0,964.0,2018
1073,North Carolina,34.0,100.0,66.0,290.0,311.0,340.0,290.0,5.0,1436.0,2018
1074,North Dakota,14.0,0.0,0.0,47.0,14.0,21.0,9.0,0.0,105.0,2018
1075,Ohio,28.0,84.0,45.0,204.0,220.0,311.0,159.0,17.0,1068.0,2018
1076,Oklahoma,48.0,38.0,9.0,153.0,147.0,179.0,80.0,1.0,655.0,2018
1077,Oregon,18.0,15.0,0.0,205.0,138.0,103.0,23.0,0.0,502.0,2018
1078,Pennsylvania,45.0,66.0,38.0,343.0,296.0,187.0,210.0,5.0,1190.0,2018
1079,Rhode Island,1.0,11.0,6.0,20.0,5.0,0.0,15.0,1.0,59.0,2018
1080,South Carolina,88.0,53.0,14.0,327.0,426.0,45.0,83.0,0.0,1036.0,2018
1081,South Dakota,13.0,2.0,8.0,44.0,24.0,24.0,15.0,0.0,130.0,2018
1082,Tennessee,49.0,81.0,12.0,295.0,276.0,196.0,131.0,0.0,1040.0,2018
1083,Texas,202.0,393.0,205.0,1105.0,720.0,783.0,235.0,5.0,3648.0,2018
1084,USA,1881.0,2893.0,1563.0,10958.0,8111.0,6683.0,4639.0,107.0,36835.0,2018
1085,Utah,11.0,34.0,0.0,128.0,32.0,28.0,25.0,2.0,260.0,2018
1086,Vermont,10.0,0.0,0.0,10.0,20.0,18.0,9.0,1.0,68.0,2018
1087,Virginia,50.0,63.0,19.0,200.0,207.0,188.0,86.0,7.0,820.0,2018
1088,Washington,31.0,47.0,0.0,198.0,93.0,98.0,66.0,6.0,539.0,2018
1089,West Virginia,23.0,22.0,0.0,79.0,64.0,76.0,30.0,0.0,294.0,2018
1090,Wisconsin,35.0,23.0,8.0,178.0,132.0,127.0,83.0,3.0,589.0,2018
1091,Wyoming,26.0,1.0,0.0,51.0,9.0,14.0,9.0,1.0,111.0,2018
1092,Alabama,79.0,53.0,2.0,279.0,193.0,184.0,140.0,0.0,930.0,2019
1093,Alaska,10.0,5.0,0.0,28.0,9.0,12.0,2.0,1.0,67.0,2019
1094,Arizona,82.0,49.0,46.0,349.0,185.0,159.0,48.0,61.0,979.0,2019
1095,Arkansas,45.0,30.0,4.0,207.0,77.0,49.0,98.0,1.0,511.0,2019
1096,California,158.0,350.0,413.0,1165.0,808.0,580.0,243.0,2.0,3719.0,2019
1097,Colorado,35.0,47.0,19.0,237.0,117.0,70.0,69.0,3.0,597.0,2019
1098,Connecticut,1.0,40.0,20.0,42.0,65.0,52.0,26.0,3.0,249.0,2019
1099,Delaware,0.0,10.0,5.0,42.0,21.0,38.0,16.0,0.0,132.0,2019
1100,District of Columbia,0.0,2.0,0.0,8.0,12.0,0.0,1.0,0.0,23.0,2019
1101,Florida,123.0,187.0,99.0,1314.0,708.0,400.0,352.0,2.0,3185.0,2019
1102,Georgia,51.0,188.0,12.0,399.0,436.0,232.0,174.0,0.0,1492.0,2019
1103,Hawaii,0.0,10.0,0.0,57.0,40.0,0.0,0.0,1.0,108.0,2019
1104,Idaho,27.0,9.0,2.0,78.0,37.0,42.0,28.0,1.0,224.0,2019
1105,Illinois,44.0,105.0,8.0,287.0,245.0,199.0,115.0,6.0,1009.0,2019
1106,Indiana,64.0,39.0,15.0,217.0,160.0,203.0,109.0,3.0,810.0,2019
1107,Iowa,27.0,13.0,0.0,96.0,51.0,81.0,68.0,0.0,336.0,2019
1108,Kansas,23.0,32.0,38.0,79.0,93.0,93.0,51.0,1.0,410.0,2019
1109,Kentucky,51.0,33.0,14.0,166.0,158.0,214.0,96.0,0.0,732.0,2019
1110,Louisiana,51.0,41.0,23.0,165.0,151.0,158.0,138.0,0.0,727.0,2019
1111,Maine,11.0,3.0,0.0,28.0,30.0,52.0,33.0,0.0,157.0,2019
1112,Maryland,2.0,67.0,25.0,170.0,120.0,77.0,66.0,8.0,535.0,2019
1113,Massachusetts,2.0,60.0,12.0,97.0,92.0,36.0,37.0,0.0,336.0,2019
1114,Michigan,28.0,62.0,40.0,263.0,253.0,207.0,125.0,8.0,986.0,2019
1115,Minnesota,14.0,16.0,7.0,84.0,126.0,92.0,24.0,1.0,364.0,2019
1116,Mississippi,57.0,39.0,0.0,149.0,127.0,193.0,77.0,0.0,642.0,2019
1117,Missouri,54.0,94.0,72.0,180.0,185.0,183.0,113.0,0.0,881.0,2019
1118,Montana,24.0,1.0,0.0,66.0,28.0,32.0,33.0,0.0,184.0,2019
1119,Nebraska,29.0,6.0,13.0,94.0,52.0,33.0,21.0,0.0,248.0,2019
1120,Nevada,27.0,19.0,7.0,119.0,90.0,9.0,31.0,2.0,304.0,2019
1121,New Hampshire,4.0,1.0,3.0,40.0,17.0,14.0,21.0,1.0,101.0,2019
1122,New Jersey,7.0,46.0,49.0,193.0,145.0,45.0,73.0,0.0,558.0,2019
1123,New Mexico,73.0,18.0,3.0,173.0,57.0,63.0,38.0,0.0,425.0,2019
1124,New York,11.0,44.0,86.0,284.0,209.0,154.0,145.0,1.0,934.0,2019
1125,North Carolina,62.0,59.0,104.0,277.0,310.0,322.0,320.0,3.0,1457.0,2019
1126,North Dakota,4.0,1.0,0.0,32.0,18.0,26.0,18.0,1.0,100.0,2019
1127,Ohio,42.0,89.0,42.0,218.0,245.0,340.0,171.0,6.0,1153.0,2019
1128,Oklahoma,45.0,33.0,9.0,184.0,128.0,164.0,76.0,1.0,640.0,2019
1129,Oregon,14.0,22.0,4.0,201.0,103.0,115.0,34.0,0.0,493.0,2019
1130,Pennsylvania,56.0,43.0,35.0,296.0,236.0,191.0,196.0,6.0,1059.0,2019
1131,Rhode Island,0.0,9.0,4.0,20.0,6.0,1.0,17.0,0.0,57.0,2019
1132,South Carolina,85.0,36.0,18.0,341.0,407.0,46.0,73.0,0.0,1006.0,2019
1133,South Dakota,8.0,4.0,9.0,20.0,20.0,29.0,12.0,0.0,102.0,2019
1134,Tennessee,63.0,108.0,11.0,327.0,276.0,230.0,120.0,1.0,1136.0,2019
1135,Texas,173.0,418.0,204.0,1130.0,737.0,710.0,240.0,7.0,3619.0,2019
1136,USA,1963.0,2705.0,1515.0,10982.0,8095.0,6666.0,4251.0,178.0,36355.0,2019
1137,Utah,31.0,23.0,0.0,116.0,22.0,24.0,30.0,2.0,248.0,2019
1138,Vermont,4.0,0.0,0.0,6.0,11.0,19.0,7.0,0.0,47.0,2019
1139,Virginia,59.0,61.0,22.0,198.0,206.0,174.0,89.0,22.0,831.0,2019
1140,Washington,21.0,40.0,6.0,163.0,74.0,98.0,128.0,8.0,538.0,2019
1141,West Virginia,15.0,12.0,0.0,80.0,50.0,72.0,25.0,6.0,260.0,2019
1142,Wisconsin,25.0,25.0,10.0,169.0,132.0,136.0,64.0,6.0,567.0,2019
1143,Wyoming,42.0,3.0,0.0,49.0,17.0,13.0,20.0,3.0,147.0,2019
1144,Alabama,44.0,76.0,5.0,263.0,227.0,243.0,75.0,1.0,934.0,2020
1145,Alaska,16.0,8.0,0.0,12.0,8.0,11.0,9.0,0.0,64.0,2020
1146,Arizona,80.0,48.0,42.0,328.0,254.0,169.0,22.0,111.0,1054.0,2020
1147,Arkansas,54.0,33.0,9.0,36.0,42.0,13.0,134.0,317.0,638.0,2020
1148,California,140.0,399.0,401.0,1194.0,872.0,574.0,267.0,0.0,3847.0,2020
1149,Colorado,27.0,60.0,29.0,259.0,119.0,81.0,46.0,1.0,622.0,2020
1150,Connecticut,5.0,43.0,34.0,59.0,98.0,33.0,22.0,1.0,295.0,2020
1151,Delaware,1.0,12.0,8.0,40.0,14.0,34.0,7.0,0.0,116.0,2020
1152,District of Columbia,0.0,3.0,2.0,12.0,12.0,3.0,4.0,0.0,36.0,2020
1153,Florida,112.0,231.0,110.0,1245.0,594.0,376.0,339.0,324.0,3331.0,2020
1154,Georgia,53.0,162.0,55.0,421.0,433.0,306.0,232.0,2.0,1664.0,2020
1155,Hawaii,0.0,9.0,1.0,44.0,31.0,0.0,0.0,0.0,85.0,2020
1156,Idaho,21.0,5.0,8.0,71.0,45.0,42.0,22.0,0.0,214.0,2020
1157,Illinois,50.0,126.0,2.0,326.0,272.0,227.0,162.0,29.0,1194.0,2020
1158,Indiana,57.0,44.0,9.0,270.0,191.0,195.0,131.0,0.0,897.0,2020
1159,Iowa,23.0,14.0,0.0,108.0,56.0,85.0,51.0,0.0,337.0,2020
1160,Kansas,24.0,23.0,24.0,89.0,100.0,97.0,69.0,0.0,426.0,2020
1161,Kentucky,54.0,43.0,11.0,185.0,186.0,194.0,104.0,3.0,780.0,2020
1162,Louisiana,41.0,72.0,12.0,202.0,171.0,155.0,172.0,3.0,828.0,2020
1163,Maine,8.0,4.0,0.0,25.0,32.0,66.0,28.0,1.0,164.0,2020
1164,Maryland,4.0,54.0,30.0,206.0,136.0,94.0,41.0,2.0,567.0,2020
1165,Massachusetts,3.0,57.0,14.0,107.0,97.0,36.0,29.0,0.0,343.0,2020
1166,Michigan,27.0,81.0,44.0,291.0,261.0,198.0,179.0,3.0,1084.0,2020
1167,Minnesota,14.0,21.0,11.0,82.0,115.0,106.0,43.0,2.0,394.0,2020
1168,Mississippi,57.0,36.0,6.0,216.0,162.0,239.0,36.0,0.0,752.0,2020
1169,Missouri,36.0,97.0,71.0,233.0,218.0,202.0,130.0,0.0,987.0,2020
1170,Montana,36.0,3.0,0.0,65.0,27.0,44.0,37.0,1.0,213.0,2020
1171,Nebraska,23.0,9.0,12.0,64.0,61.0,32.0,32.0,0.0,233.0,2020
1172,Nevada,21.0,28.0,3.0,126.0,50.0,3.0,86.0,0.0,317.0,2020
1173,New Hampshire,0.0,1.0,3.0,27.0,31.0,28.0,12.0,2.0,104.0,2020
1174,New Jersey,6.0,57.0,78.0,206.0,126.0,66.0,41.0,4.0,584.0,2020
1175,New Mexico,56.0,37.0,0.0,136.0,66.0,56.0,44.0,3.0,398.0,2020
1176,New York,14.0,79.0,82.0,320.0,153.0,113.0,285.0,0.0,1046.0,2020
1177,North Carolina,39.0,115.0,54.0,294.0,293.0,415.0,321.0,7.0,1538.0,2020
1178,North Dakota,10.0,1.0,0.0,29.0,17.0,25.0,18.0,0.0,100.0,2020
1179,Ohio,31.0,123.0,46.0,236.0,265.0,325.0,173.0,31.0,1230.0,2020
1180,Oklahoma,48.0,62.0,3.0,170.0,107.0,162.0,100.0,0.0,652.0,2020
1181,Oregon,13.0,25.0,0.0,211.0,100.0,112.0,47.0,0.0,508.0,2020
1182,Pennsylvania,56.0,60.0,48.0,315.0,233.0,188.0,224.0,5.0,1129.0,2020
1183,Rhode Island,4.0,10.0,5.0,22.0,14.0,7.0,5.0,0.0,67.0,2020
1184,South Carolina,83.0,34.0,10.0,396.0,422.0,51.0,68.0,0.0,1064.0,2020
1185,South Dakota,15.0,5.0,4.0,42.0,38.0,19.0,18.0,0.0,141.0,2020
1186,Tennessee,75.0,125.0,15.0,358.0,291.0,227.0,125.0,1.0,1217.0,2020
1187,Texas,169.0,370.0,199.0,1177.0,820.0,811.0,319.0,9.0,3874.0,2020
1188,USA,1821.0,3078.0,1578.0,11256.0,8370.0,7085.0,4753.0,883.0,38824.0,2020
1189,Utah,28.0,19.0,3.0,105.0,42.0,51.0,28.0,0.0,276.0,2020
1190,Vermont,4.0,1.0,0.0,15.0,16.0,14.0,12.0,0.0,62.0,2020
1191,Virginia,65.0,73.0,14.0,239.0,196.0,179.0,83.0,1.0,850.0,2020
1192,Washington,17.0,42.0,50.0,95.0,61.0,118.0,170.0,7.0,560.0,2020
1193,West Virginia,10.0,17.0,0.0,61.0,53.0,82.0,37.0,7.0,267.0,2020
1194,Wisconsin,24.0,16.0,11.0,178.0,133.0,141.0,107.0,4.0,614.0,2020
1195,Wyoming,23.0,5.0,0.0,45.0,9.0,37.0,7.0,1.0,127.0,2020
